<DATE>;<TIME>;<LAST>;<VOL>;<ID>;<OPER>
20161212;000000;154.1800000;159.8200000;154.0300000;158.6300000;83754390
20161213;000000;158.3500000;159.2000000;157.7200000;158.9500000;43170440
20161214;000000;159.0100000;160.6200000;155.3000000;157.2000000;45516290
20161215;000000;155.7700000;158.3000000;155.7700000;158.2500000;52342400
20161216;000000;158.4800000;158.8800000;156.2000000;156.2000000;31667140
20161219;000000;157.1400000;157.7500000;154.6000000;154.6000000;17549250
20161220;000000;154.5500000;155.9500000;153.7600000;155.3000000;27856890
20161221;000000;155.4300000;156.7300000;153.0100000;153.0600000;22587980
20161222;000000;153.2100000;153.3400000;149.7200000;150.2700000;29725390
20161223;000000;150.2800000;151.1900000;147.2200000;149.0500000;24962550
20161226;000000;149.0000000;149.8600000;148.8000000;148.9500000;7009350
20161227;000000;149.0500000;151.0300000;149.0500000;150.3800000;9642840
20161228;000000;150.6000000;152.6000000;149.6000000;151.0000000;17016680
20161229;000000;150.7200000;153.2900000;149.9000000;152.6200000;14803850
20161230;000000;152.6400000;154.5500000;152.6000000;154.5500000;15709020
20170103;000000;154.4600000;158.2000000;154.1200000;157.7000000;24739730
20170104;000000;156.9900000;157.4400000;155.7600000;157.4400000;15488900
20170105;000000;157.2400000;158.7000000;153.1700000;154.0000000;25440490
20170106;000000;154.1200000;154.4700000;152.0500000;154.1000000;12306060
20170109;000000;154.2000000;155.5000000;153.3000000;154.4000000;12914820
20170110;000000;154.0100000;158.0200000;154.0000000;157.9700000;26095400
20170111;000000;157.5100000;158.5000000;155.8100000;157.0100000;20651880
20170112;000000;158.3000000;158.4800000;155.5300000;157.2500000;24015080
20170113;000000;157.4800000;158.3000000;155.7700000;157.9500000;23314640
20170116;000000;157.9800000;158.2000000;155.5800000;155.8100000;16946090
20170117;000000;155.8100000;156.5000000;153.0100000;153.6500000;25891620
20170118;000000;154.2000000;154.5900000;152.6500000;152.8600000;16206860
20170119;000000;153.3000000;153.5600000;148.2300000;150.8500000;41950940
20170120;000000;150.8100000;151.2000000;147.7000000;149.7000000;33215450
20170123;000000;149.8500000;149.8500000;147.1000000;148.1000000;22477970
20170124;000000;148.2500000;150.5000000;148.2500000;150.1500000;22349450
20170125;000000;150.2800000;150.8700000;147.1500000;147.6500000;30598170
20170126;000000;147.7100000;151.2800000;147.1600000;150.4900000;26458480
20170127;000000;150.3300000;154.5300000;149.9100000;154.0900000;37163920
20170130;000000;153.6800000;153.9000000;150.3500000;150.8000000;21526460
20170131;000000;150.5900000;151.4200000;149.1500000;149.8000000;28259280
20170201;000000;150.0500000;150.3800000;148.3200000;149.6500000;20765250
20170202;000000;149.8200000;150.4500000;148.1500000;148.8000000;20492720
20170203;000000;148.8500000;150.2000000;148.3700000;149.3500000;20814340
20170206;000000;149.3800000;149.7000000;147.6300000;148.5000000;22086970
20170207;000000;148.3000000;148.7000000;147.6000000;148.7000000;13840720
20170208;000000;148.2200000;148.2200000;143.9000000;145.2000000;64427740
20170209;000000;145.3400000;145.6000000;141.5700000;142.1100000;52175480
20170210;000000;142.6700000;143.1400000;140.5000000;140.5000000;41104060
20170213;000000;141.1100000;142.6700000;140.0200000;141.2000000;25967100
20170214;000000;141.2700000;141.4900000;139.8500000;140.6200000;20220020
20170215;000000;140.4500000;141.5000000;138.9200000;139.7200000;36920930
20170216;000000;139.9300000;140.3000000;138.0100000;139.1600000;33168350
20170217;000000;139.2600000;139.4200000;137.2300000;138.1200000;32101640
20170220;000000;138.5900000;140.1300000;137.4000000;138.5000000;24702920
20170221;000000;138.6000000;139.6000000;138.0000000;138.3500000;21680250
20170222;000000;138.6300000;138.7800000;136.0500000;136.6800000;27399460
20170224;000000;136.5100000;137.2000000;135.6000000;136.7500000;17160200
20170227;000000;137.1500000;137.4800000;135.0700000;135.0700000;24033800
20170228;000000;135.7000000;135.8900000;132.0000000;134.0000000;98572140
20170301;000000;133.4500000;134.9900000;133.0000000;133.8500000;38089190
20170302;000000;134.0500000;135.1000000;131.3000000;131.3000000;42646250
20170303;000000;131.1500000;134.9000000;130.6400000;134.8000000;39932510
20170306;000000;134.8400000;135.9700000;134.3200000;134.6000000;28037340
20170307;000000;135.1300000;135.1300000;131.9000000;132.8900000;28851710
20170309;000000;132.0500000;133.2600000;128.8100000;129.0000000;53078370
20170310;000000;129.2500000;130.8800000;127.8000000;128.7800000;33482710
20170313;000000;128.7000000;130.5500000;127.8200000;129.9300000;34286840
20170314;000000;130.0200000;131.3400000;128.3200000;128.8000000;39437470
20170315;000000;129.2300000;129.6900000;127.2000000;127.6000000;30974550
20170316;000000;128.4200000;129.3000000;127.6100000;128.0500000;51272510
20170317;000000;128.1300000;130.4200000;128.0100000;128.9400000;42848850
20170320;000000;129.3400000;130.1300000;128.0200000;128.7900000;30291150
20170321;000000;129.0200000;130.4200000;128.5100000;129.3000000;37858520
20170322;000000;129.0700000;131.6500000;128.9000000;131.6500000;36178550
20170323;000000;131.7900000;132.9400000;130.2200000;130.9900000;39340300
20170324;000000;130.7700000;131.4800000;129.7200000;130.0500000;20544290
20170327;000000;129.4500000;129.4700000;127.4100000;128.8000000;28915460
20170328;000000;129.0000000;129.6000000;128.1000000;129.2000000;23646730
20170329;000000;129.1300000;129.7800000;128.5500000;128.8100000;15784750
20170330;000000;129.1500000;129.9900000;128.2000000;128.4900000;28682860
20170331;000000;128.4900000;128.6400000;126.8000000;127.9000000;29052680
20170403;000000;128.0900000;128.5000000;127.0200000;127.2100000;19832730
20170404;000000;127.5500000;128.9000000;126.8000000;128.8100000;26293950
20170405;000000;128.8800000;131.2500000;128.8200000;130.6900000;34434130
20170406;000000;130.1800000;130.9300000;129.5500000;130.5000000;23581140
20170407;000000;129.7000000;129.8900000;127.8400000;128.7200000;27362790
20170410;000000;128.1000000;128.4000000;125.8100000;126.1600000;29799810
20170411;000000;125.9700000;127.6900000;125.5000000;126.0000000;32626680
20170412;000000;127.0600000;127.4500000;124.6200000;125.0500000;28702040
20170413;000000;125.6500000;125.9500000;123.5000000;124.5400000;42139090
20170414;000000;124.2700000;124.3700000;122.6300000;122.8500000;14689130
20170417;000000;123.0100000;124.0300000;122.2500000;123.7000000;21595230
20170418;000000;124.0900000;124.3900000;122.0300000;122.2200000;22081750
20170419;000000;122.3600000;123.1500000;121.2500000;121.5500000;28911230
20170420;000000;121.3000000;121.9900000;120.5500000;121.9900000;32955940
20170421;000000;122.1500000;123.6400000;122.1300000;123.0000000;29465300
20170424;000000;123.5600000;128.4000000;123.3800000;128.0000000;66751830
20170425;000000;128.5000000;131.7500000;127.9800000;130.2000000;57382670
20170426;000000;130.1900000;134.0000000;130.0100000;133.4300000;57635150
20170427;000000;133.3700000;136.6000000;132.2200000;133.4100000;99542840
20170428;000000;136.0000000;137.7700000;135.0500000;136.7500000;52186090
20170502;000000;137.2500000;138.4300000;136.2800000;136.5200000;33809990
20170503;000000;136.4500000;138.0900000;135.1000000;135.8100000;33129650
20170504;000000;135.8900000;136.4100000;134.3000000;134.9300000;31945660
20170505;000000;133.7000000;134.9400000;132.9100000;134.4100000;26216280
20170510;000000;134.9800000;135.4300000;133.5100000;134.1900000;23714000
20170511;000000;134.5700000;134.7500000;130.3700000;131.1000000;36600410
20170512;000000;131.4100000;132.5000000;130.2000000;132.5000000;23886540
20170515;000000;132.7900000;133.9200000;129.2800000;131.5000000;46356520
20170516;000000;131.4100000;133.0700000;130.2700000;131.1300000;22519330
20170517;000000;130.9700000;132.1800000;130.6000000;132.0700000;17611290
20170518;000000;131.3700000;132.8400000;125.8500000;126.9000000;80113110
20170519;000000;127.3000000;127.4000000;124.0000000;124.1900000;57664570
20170522;000000;124.4900000;124.4900000;122.1700000;122.5200000;39193160
20170523;000000;122.5800000;123.7100000;121.9600000;123.2300000;34369260
20170524;000000;123.3000000;123.6700000;120.9200000;122.0000000;32248550
20170525;000000;122.3200000;122.4700000;120.7500000;121.6100000;24546840
20170526;000000;121.4000000;122.2000000;120.5400000;122.2000000;22646890
20170529;000000;122.4100000;123.8300000;122.1100000;123.1100000;24470000
20170530;000000;122.7200000;122.9100000;121.7900000;122.1000000;16057320
20170531;000000;122.2500000;122.7800000;119.4000000;120.2800000;55389010
20170601;000000;120.2900000;120.9800000;117.2400000;118.0000000;48558490
20170602;000000;117.8000000;119.6900000;116.5500000;119.6900000;38260450
20170605;000000;119.5900000;120.9900000;118.5500000;119.0000000;24767790
20170606;000000;119.0900000;120.2400000;118.6600000;119.0500000;18193840
20170607;000000;119.3300000;121.4400000;118.8500000;118.9200000;27870030
20170608;000000;119.1900000;120.1100000;117.8200000;119.3000000;27514310
20170609;000000;119.3200000;120.5000000;118.9500000;120.5000000;21294170
20170613;000000;120.2900000;120.3800000;118.1500000;118.1500000;31058980
20170614;000000;118.2600000;118.5400000;115.1000000;115.3500000;47003760
20170615;000000;115.2500000;115.7500000;111.4600000;115.4900000;120644420
20170616;000000;115.8100000;117.2500000;114.6000000;116.0200000;40336010
20170619;000000;116.0000000;117.4500000;115.7900000;117.3300000;21749140
20170620;000000;117.5100000;119.0000000;116.5600000;117.4400000;29930700
20170621;000000;117.5000000;118.3200000;116.8400000;117.9700000;23560060
20170622;000000;117.7800000;119.7800000;116.8600000;119.5500000;31513190
20170623;000000;119.5200000;120.0900000;118.6600000;119.1000000;23303360
20170626;000000;119.5000000;119.9700000;118.2600000;118.6700000;18274640
20170627;000000;118.4000000;119.7500000;118.0200000;119.3500000;18365790
20170628;000000;118.7200000;119.7000000;118.1900000;119.7000000;21106940
20170629;000000;120.1800000;120.8800000;118.8000000;119.1600000;26435690
20170630;000000;118.9500000;120.2200000;118.1800000;118.4900000;22432000
20170703;000000;119.1700000;119.9300000;118.7500000;119.8600000;18087840
20170704;000000;120.0000000;123.2900000;119.7200000;122.7300000;37693640
20170705;000000;122.9500000;123.7500000;122.3200000;122.7000000;26052360
20170706;000000;122.8200000;123.6500000;121.4400000;122.6800000;25151140
20170707;000000;122.1900000;123.0000000;121.4000000;123.0000000;24725120
20170710;000000;123.2600000;124.6200000;123.0300000;124.2500000;27166510
20170711;000000;124.3800000;124.9400000;123.8500000;124.7800000;20642420
20170712;000000;125.0100000;125.3000000;124.1900000;124.8700000;22701550
20170713;000000;124.7900000;125.8900000;124.6600000;125.5500000;29387490
20170714;000000;125.6700000;126.3500000;125.0000000;125.0000000;21555180
20170717;000000;125.3900000;125.7000000;124.3000000;125.1400000;23810200
20170718;000000;125.0900000;125.7500000;124.4900000;124.4900000;39544710
20170719;000000;118.4400000;120.1100000;118.1100000;120.1100000;42498820
20170720;000000;120.2900000;121.2700000;119.8100000;120.6000000;21786790
20170721;000000;120.2100000;120.2600000;118.6500000;118.9500000;20841430
20170724;000000;118.5400000;119.4000000;117.9200000;119.1700000;22726670
20170725;000000;119.1600000;119.7000000;117.6700000;118.4000000;23673000
20170726;000000;118.3500000;119.1200000;118.2500000;119.0000000;22310500
20170727;000000;119.1200000;119.3500000;117.8300000;118.6800000;25737570
20170728;000000;118.1600000;118.1800000;115.4100000;116.9000000;34566970
20170731;000000;116.7100000;118.1800000;115.0800000;116.1000000;40277050
20170801;000000;116.8300000;118.6500000;116.8200000;117.9900000;28881020
20170802;000000;118.0000000;119.0900000;117.9000000;119.0900000;20782720
20170803;000000;119.1300000;119.9900000;118.8500000;119.5800000;22369700
20170804;000000;119.3400000;119.8800000;118.6800000;119.4500000;17244330
20170807;000000;119.3200000;120.3800000;118.9000000;119.5000000;21791100
20170808;000000;119.4700000;119.8900000;119.2500000;119.6700000;14891840
20170809;000000;119.3900000;119.4600000;118.0200000;118.6800000;20245120
20170810;000000;118.7100000;119.4000000;118.0300000;118.0500000;18090560
20170811;000000;117.5600000;117.8500000;116.3400000;116.9300000;24804530
20170814;000000;117.1800000;117.9900000;117.1500000;117.4000000;13554100
20170815;000000;117.1200000;117.7000000;116.5100000;117.5900000;16686400
20170816;000000;117.8000000;117.8700000;116.6300000;116.7500000;19124720
20170817;000000;116.7200000;116.9500000;115.9200000;116.2200000;16600490
20170818;000000;115.8500000;116.0900000;115.1500000;116.0000000;22256230
20170821;000000;116.1000000;116.4700000;115.3900000;115.9200000;16461430
20170822;000000;115.9900000;116.7300000;115.6800000;116.0000000;16010450
20170823;000000;116.0900000;116.2700000;115.0700000;115.7500000;22758830
20170824;000000;115.7700000;116.8900000;115.4200000;116.5600000;18564950
20170825;000000;116.8200000;118.0000000;116.5600000;117.8500000;21083020
20170828;000000;117.7900000;118.7500000;117.5400000;118.7500000;16187340
20170829;000000;118.5000000;118.6300000;116.5000000;118.3000000;27588290
20170830;000000;118.4000000;118.9000000;116.8800000;118.2000000;31962280
20170831;000000;117.9500000;119.2100000;117.3500000;117.9700000;41020210
20170901;000000;118.0200000;118.2600000;117.0400000;117.4000000;22690580
20170904;000000;117.0300000;117.6500000;116.5600000;117.0000000;15938500
20170905;000000;117.5500000;117.8900000;115.9000000;116.0000000;26541020
20170906;000000;116.0000000;117.5800000;115.6600000;117.1400000;24387110
20170907;000000;117.6100000;119.0300000;117.3800000;117.9500000;37059350
20170908;000000;118.2000000;120.4500000;118.1600000;120.3400000;41825350
20170911;000000;120.8100000;121.9400000;119.6300000;121.0000000;40230290
20170912;000000;121.2200000;122.0000000;120.1600000;121.9900000;27228360
20170913;000000;121.9900000;124.3800000;121.9900000;123.5500000;51210280
20170914;000000;123.5700000;124.1900000;122.7900000;123.3300000;29452320
20170915;000000;122.8900000;123.0000000;121.5900000;122.5000000;41826920
20170918;000000;122.5000000;123.3500000;122.0700000;122.7200000;26878140
20170919;000000;122.7200000;122.8000000;121.0500000;121.7500000;32095850
20170920;000000;121.8800000;122.4300000;121.5200000;122.2500000;25978430
20170921;000000;122.1100000;123.2000000;121.6100000;122.3400000;35204520
20170922;000000;122.3600000;122.4600000;121.3000000;121.9500000;19164830
20170925;000000;121.9800000;123.6000000;121.9000000;123.0300000;28206840
20170926;000000;123.2700000;124.1900000;122.8400000;123.0300000;25695940
20170927;000000;123.1800000;123.6800000;122.4600000;123.3600000;22485510
20170928;000000;123.2800000;123.6200000;122.1100000;122.5000000;22610060
20170929;000000;122.5000000;122.8100000;121.7000000;122.2000000;17182380
20171002;000000;122.2900000;122.4400000;121.4000000;121.9000000;14198990
20171003;000000;121.8100000;122.1100000;120.4700000;120.7800000;26873740
20171004;000000;120.6800000;121.9500000;119.7000000;121.7600000;24254160
20171005;000000;121.7900000;123.9700000;121.5100000;123.5000000;39979330
20171006;000000;123.5400000;124.4800000;123.2700000;123.4700000;30270700
20171009;000000;123.7000000;124.9000000;123.4100000;124.8100000;22035180
20171010;000000;125.0000000;125.3300000;124.1700000;124.4400000;20064040
20171011;000000;124.5400000;126.0000000;124.3800000;126.0000000;30323720
20171012;000000;126.0400000;126.7900000;125.4500000;125.9300000;18051060
20171013;000000;126.0000000;127.3900000;125.8000000;126.8600000;23707840
20171016;000000;127.1100000;127.8000000;126.6800000;127.1700000;23771970
20171017;000000;127.0500000;127.2000000;125.0500000;125.1500000;28299320
20171018;000000;125.4400000;127.0900000;125.2600000;126.7000000;29571630
20171019;000000;126.7800000;127.3900000;125.1700000;125.5000000;22518290
20171020;000000;125.8100000;127.0500000;125.6000000;126.7000000;21042270
20171023;000000;127.0600000;127.4700000;126.3700000;126.8000000;17286880
20171024;000000;126.8900000;126.9700000;125.6100000;126.0200000;20349440
20171025;000000;126.5500000;126.7500000;124.2800000;125.0000000;24125900
20171026;000000;124.9900000;125.3900000;124.0700000;124.2000000;14719810
20171027;000000;124.5700000;125.9400000;123.6400000;125.9400000;28566500
20171030;000000;125.9600000;126.9300000;125.5300000;125.9800000;19229280
20171031;000000;126.1200000;126.6000000;125.5700000;125.9000000;11847690
20171101;000000;126.3400000;126.8900000;125.9700000;126.5000000;18167600
20171102;000000;125.8800000;126.0000000;124.8700000;125.6700000;15528250
20171103;000000;125.7100000;126.8400000;125.7100000;125.9000000;22607180
20171107;000000;127.0600000;132.5500000;127.0500000;132.2800000;82128530
20171108;000000;132.1000000;133.9400000;131.5800000;132.3000000;39337670
20171109;000000;132.3100000;132.8200000;131.1400000;131.5000000;33846240
20171110;000000;131.0500000;133.8400000;130.5100000;132.5000000;47096990
20171113;000000;132.6400000;134.1800000;131.7100000;133.3200000;29445370
20171114;000000;133.0700000;134.2800000;132.3500000;132.9300000;42176770
20171115;000000;132.0100000;132.7900000;131.2100000;131.2100000;23233500
20171116;000000;131.7900000;132.7000000;127.7400000;129.2000000;42097040
20171117;000000;129.6500000;130.8700000;129.0600000;129.6500000;18113220
20171120;000000;129.8000000;130.4900000;128.6300000;129.9600000;15642930
20171121;000000;130.4500000;133.0500000;130.3500000;132.4900000;35516950
20171122;000000;133.0100000;133.6500000;132.2000000;132.5700000;25079290
20171123;000000;132.5000000;133.1000000;131.3000000;131.6000000;29101330
20171124;000000;131.5600000;134.1900000;131.3100000;133.5700000;29025290
20171127;000000;133.6100000;135.1900000;132.8000000;133.5000000;27676810
20171128;000000;133.2900000;135.1800000;132.5500000;135.1800000;26653360
20171129;000000;134.8600000;134.8600000;132.9700000;133.5500000;27221990
20171130;000000;133.0000000;134.3100000;132.0000000;132.1500000;39953360
20171201;000000;132.4700000;133.3200000;131.7200000;133.0200000;24739380
20171204;000000;133.0100000;134.0000000;131.9300000;133.7700000;17805030
20171205;000000;133.4700000;133.9900000;132.7800000;133.6500000;12681030
20171206;000000;133.3200000;134.2900000;132.9100000;134.0000000;14625230
20171207;000000;133.6600000;133.8700000;132.8100000;133.0200000;18187870
20171208;000000;133.4200000;133.9000000;132.0000000;132.6000000;16027170
20171211;000000;132.3500000;134.6500000;132.3500000;134.6500000;22727400
20171212;000000;134.6900000;135.6000000;133.6500000;135.5000000;25137070
20171213;000000;135.1800000;136.4200000;134.6000000;135.5600000;23251380
20171214;000000;135.4200000;136.2000000;134.9000000;135.9100000;22537690
20171215;000000;135.7200000;136.1600000;135.0000000;135.5000000;25066350
20171218;000000;135.6400000;136.3500000;132.9400000;134.2500000;31018990
20171219;000000;134.1300000;134.7400000;133.5000000;133.9600000;16458270
20171220;000000;133.9600000;134.3300000;132.3500000;132.5000000;23877480
20171221;000000;133.0000000;133.4700000;130.2000000;131.7000000;39251410
20171222;000000;132.1500000;133.4800000;131.0500000;132.4200000;16550650
20171225;000000;132.7200000;133.1900000;131.8000000;131.9600000;5658690
20171226;000000;132.2300000;132.4400000;129.6200000;131.2000000;12765160
20171227;000000;131.2900000;132.2300000;130.4500000;130.9900000;15957460
20171228;000000;130.8800000;131.2000000;129.8100000;130.5300000;16271890
20171229;000000;130.4200000;130.9300000;128.8600000;130.5000000;16285270
20180103;000000;131.0300000;132.2000000;130.6300000;132.2000000;10522070
20180104;000000;132.5000000;136.2000000;132.3000000;135.8900000;32092300
20180105;000000;135.8000000;137.1200000;135.0800000;137.1200000;19965100
20180109;000000;138.0000000;141.3500000;137.6000000;140.0000000;52204990
20180110;000000;140.4900000;143.4300000;139.5800000;143.4300000;51756440
20180111;000000;143.2300000;144.8000000;142.3100000;144.5800000;38571480
20180112;000000;144.2100000;144.5400000;141.6400000;143.9900000;36760620
20180115;000000;144.3300000;145.5000000;142.6000000;142.9900000;30037050
20180116;000000;143.1600000;145.3500000;141.8900000;145.2900000;36982660
20180117;000000;144.5100000;149.2000000;143.3100000;148.7000000;64088350
20180118;000000;148.7900000;150.3500000;148.1300000;150.3500000;53857120
20180119;000000;149.9400000;151.0000000;148.4000000;149.1300000;38996740
20180122;000000;149.0900000;150.3000000;148.8500000;150.3000000;22745110
20180123;000000;150.8000000;151.6500000;147.7100000;148.8000000;35760870
20180124;000000;148.5100000;149.7000000;146.6000000;149.7000000;24826570
20180125;000000;150.0200000;151.3900000;149.2700000;149.8000000;41825580
20180126;000000;149.4000000;149.5500000;146.0100000;147.1900000;35266440
20180129;000000;146.7700000;147.2900000;144.1500000;144.7500000;36073370
20180130;000000;144.0000000;146.4300000;142.3700000;143.5000000;51240710
20180131;000000;142.9800000;144.5000000;141.8000000;143.3600000;44234770
20180201;000000;143.4300000;146.1700000;143.1300000;145.3900000;37413040
20180202;000000;145.6800000;146.7800000;142.8800000;144.0000000;39050390
20180205;000000;142.8700000;145.2000000;142.3000000;144.5300000;33048750
20180206;000000;141.7300000;142.8200000;140.4000000;141.5900000;51830950
20180207;000000;142.4500000;143.3900000;141.0000000;141.0000000;32853320
20180208;000000;140.4700000;140.8500000;137.1400000;137.2000000;42662580
20180209;000000;135.9900000;136.7000000;132.8000000;135.5600000;53098540
20180212;000000;136.8700000;138.1000000;136.0300000;137.3000000;29360450
20180213;000000;138.0000000;140.1000000;137.4500000;139.8500000;36398240
20180214;000000;140.0300000;140.5700000;137.0200000;138.8900000;34106600
20180215;000000;139.7900000;140.9900000;137.0600000;137.0600000;29054840
20180216;000000;137.8500000;139.4900000;136.7700000;137.0600000;24628330
20180219;000000;137.3600000;138.7000000;137.1300000;138.3100000;14431390
20180220;000000;138.7800000;144.2900000;138.7800000;141.3200000;62769320
20180221;000000;140.9000000;144.0000000;140.5300000;144.0000000;24886450
20180222;000000;143.4300000;145.9700000;142.6300000;145.9700000;29870140
20180226;000000;148.0700000;149.9800000;146.4200000;147.0000000;37150990
20180227;000000;147.2000000;147.4900000;144.8500000;146.5000000;24771080
20180228;000000;145.5000000;145.7500000;142.2500000;143.1600000;36217520
20180301;000000;141.0000000;142.0000000;139.3900000;140.1000000;47285230
20180302;000000;139.6300000;140.5900000;137.7700000;138.5700000;26799640
20180305;000000;138.8000000;141.8300000;138.5700000;141.6000000;23220830
20180306;000000;142.2500000;143.4900000;140.4700000;140.5900000;24358140
20180307;000000;139.9600000;139.9800000;137.3800000;138.5600000;28189860
20180309;000000;138.8000000;139.8100000;137.7900000;139.8100000;12080580
20180312;000000;140.4400000;141.9600000;140.1100000;141.3500000;16899310
20180313;000000;141.1000000;142.9300000;139.9500000;142.7500000;22899860
20180314;000000;141.8200000;141.9800000;138.8000000;138.8000000;31765180
20180315;000000;138.5800000;140.0600000;138.0000000;138.2500000;34232460
20180316;000000;138.6600000;141.0000000;137.1100000;141.0000000;42459720
20180319;000000;141.2000000;141.7700000;139.4300000;139.9100000;21582910
20180320;000000;140.2500000;142.7000000;139.3100000;142.4500000;25931850
20180321;000000;142.7000000;144.0000000;140.8400000;141.5100000;31141240
20180322;000000;141.7300000;142.0800000;139.2000000;139.5000000;20677700
20180323;000000;138.7800000;142.4900000;137.8200000;142.0000000;33554360
20180326;000000;142.0100000;142.0800000;138.2700000;138.2700000;27556030
20180327;000000;139.2300000;141.7000000;139.0100000;140.8000000;25427090
20180328;000000;140.0100000;141.6700000;139.1300000;140.4700000;21273130
20180329;000000;140.7100000;142.8000000;140.7100000;142.8000000;23762490
20180330;000000;143.0000000;143.3100000;142.0500000;142.3300000;8337160
20180402;000000;142.3900000;143.7000000;140.3200000;140.3200000;18501160
20180403;000000;140.3200000;141.3000000;139.7000000;141.1300000;13758480
20180404;000000;141.0200000;141.5200000;139.0200000;140.1800000;22247310
20180405;000000;140.6600000;141.3500000;139.8000000;140.5000000;20436610
20180406;000000;140.1300000;141.9700000;139.4500000;141.5000000;27346240
20180409;000000;140.9300000;141.2200000;128.1900000;135.0100000;91006200
20180410;000000;134.9500000;141.9700000;133.5000000;140.6200000;58453070
20180411;000000;141.0000000;146.2900000;140.7100000;145.2700000;62134680
20180412;000000;145.7100000;146.8900000;142.1300000;145.9900000;40706810
20180413;000000;146.0000000;146.7500000;142.0900000;142.5800000;26381420
20180416;000000;141.0300000;142.8300000;139.8700000;141.5000000;26630690
20180417;000000;142.4500000;143.1800000;140.6600000;142.4000000;26680260
20180418;000000;142.6700000;145.3100000;142.0400000;144.7500000;28080120
20180419;000000;145.2000000;145.7500000;142.5700000;143.4000000;20518720
20180420;000000;143.3000000;145.5000000;142.9000000;144.4000000;21147520
20180423;000000;144.3000000;144.4800000;142.0000000;143.9900000;32633930
20180424;000000;144.0000000;146.5200000;143.5200000;144.1400000;29007820
20180425;000000;143.5000000;143.8900000;141.4100000;142.7000000;23792050
20180426;000000;143.0100000;145.7500000;142.6000000;145.4800000;22254120
20180427;000000;145.8100000;146.0000000;143.7700000;144.5000000;19498970
20180428;000000;144.5000000;144.5000000;143.8300000;144.3800000;2145740
20180430;000000;144.3200000;147.2900000;143.7000000;145.9300000;15278690
20180502;000000;145.3300000;145.7700000;143.9600000;144.9400000;16008500
20180503;000000;144.6500000;146.1500000;142.7000000;142.7000000;23992750
20180504;000000;143.4000000;144.2000000;143.0900000;143.7300000;11726530
20180507;000000;144.5700000;145.1000000;143.4500000;144.0500000;9382400
20180508;000000;143.7800000;145.4800000;143.1600000;145.4800000;18282910
20180510;000000;145.9800000;147.1500000;145.5700000;146.3800000;24103610
20180511;000000;146.4800000;151.1000000;146.4700000;150.7000000;44778970
20180514;000000;151.2700000;151.2700000;148.0300000;150.9800000;27828900
20180515;000000;150.4800000;150.7000000;148.0000000;149.2000000;29085690
20180516;000000;148.6000000;150.7000000;148.1100000;148.5900000;43775810
20180517;000000;149.1500000;149.3600000;147.1500000;147.1500000;19160740
20180518;000000;147.2000000;147.8800000;145.1900000;145.6500000;21435990
20180521;000000;146.0000000;148.2000000;145.9000000;146.7600000;16198700
20180522;000000;146.9700000;147.6000000;146.4200000;146.5000000;13141580
20180523;000000;146.1800000;146.9400000;144.8800000;146.0600000;19430340
20180524;000000;146.3000000;147.1500000;144.9300000;145.2700000;20556400
20180525;000000;145.6300000;146.3000000;144.3600000;145.0900000;18117740
20180528;000000;145.4100000;145.7500000;144.7500000;145.0900000;6573030
20180529;000000;145.5800000;145.6100000;142.8800000;143.9000000;17528460
20180530;000000;144.0000000;144.8200000;142.5200000;143.2600000;21823420
20180531;000000;143.3000000;145.2100000;143.3000000;145.0000000;33892130
20180601;000000;144.5800000;145.5000000;143.5500000;144.0000000;17487300
20180604;000000;144.5300000;146.9000000;144.5100000;146.4400000;12800360
20180605;000000;146.5300000;146.5400000;145.2200000;146.0000000;12693440
20180606;000000;146.3500000;146.9000000;145.5300000;146.9000000;17153970
20180607;000000;147.1000000;147.5000000;146.0000000;146.0500000;12295670
20180608;000000;145.9600000;146.7500000;143.0500000;143.0500000;24404680
20180609;000000;143.3100000;144.1500000;143.3000000;144.0800000;1555190
20180611;000000;144.0300000;144.1800000;141.5600000;142.2800000;12697170
20180613;000000;142.5800000;142.7800000;140.6300000;141.0000000;23488110
20180614;000000;140.8800000;141.4400000;139.1400000;139.4000000;24957760
20180615;000000;139.7000000;140.8700000;137.6400000;137.7300000;42377140
20180618;000000;138.0800000;138.3000000;136.0000000;136.5200000;23017780
20180619;000000;136.0100000;136.2800000;132.8600000;135.5000000;36367180
20180620;000000;136.5000000;138.5000000;136.0000000;136.9100000;27041950
20180621;000000;136.6000000;137.9000000;134.0400000;134.4000000;28718050
20180622;000000;135.0000000;137.5500000;135.0000000;136.7600000;23927070
20180625;000000;136.5800000;138.4400000;136.5500000;137.1000000;17165720
20180626;000000;137.4400000;138.8800000;137.3600000;138.0700000;13703080
20180627;000000;138.0100000;139.8500000;137.0700000;139.0000000;18905710
20180628;000000;138.9800000;140.3300000;138.3500000;138.7600000;22645070
20180629;000000;139.3200000;141.0100000;139.1700000;141.0100000;25801410
20180702;000000;140.8300000;144.2000000;140.0700000;144.0000000;25199530
20180703;000000;144.1000000;144.2000000;141.9500000;142.4900000;15018610
20180704;000000;142.4000000;143.1300000;141.8700000;142.2400000;6350590
20180705;000000;142.1700000;145.5500000;141.6400000;145.5500000;19505580
20180706;000000;145.7000000;145.7000000;143.5700000;144.9600000;17150670
20180709;000000;145.7500000;148.1000000;145.5300000;148.0000000;17769380
20180710;000000;148.1300000;148.3700000;146.4200000;147.3000000;18078220
20180711;000000;146.7600000;146.7600000;143.8500000;144.7700000;23479310
20180712;000000;144.7100000;145.7000000;143.5000000;145.0800000;19613720
20180713;000000;145.3200000;146.8700000;144.8700000;146.8700000;13522800
20180716;000000;146.7900000;148.9800000;146.1300000;147.0000000;25861000
20180717;000000;146.5900000;146.7300000;144.1500000;145.3100000;25684080
20180718;000000;138.8600000;138.9900000;137.4500000;138.2900000;28361940
20180719;000000;138.3900000;138.6600000;136.8500000;137.5800000;18326290
20180720;000000;137.5300000;138.0000000;136.4200000;136.4700000;18700220
20180723;000000;136.5800000;139.2200000;136.5800000;138.3700000;17901510
20180724;000000;138.5700000;139.7000000;137.9200000;138.8500000;13396020
20180725;000000;138.0800000;138.8800000;137.6400000;138.2100000;13601850
20180726;000000;138.8400000;139.1700000;137.7400000;138.1800000;10795300
20180727;000000;138.4000000;138.7000000;137.1300000;137.9900000;9466230
20180730;000000;137.5800000;138.9000000;137.1200000;138.9000000;13182880
20180731;000000;138.7100000;143.7900000;138.4600000;143.7900000;31491250
20180801;000000;143.0000000;143.3100000;141.4800000;142.1400000;18193480
20180802;000000;141.7500000;142.8900000;139.7600000;140.3600000;12663990
20180803;000000;140.2000000;142.3900000;139.5000000;142.3900000;21843850
20180806;000000;142.4300000;142.5800000;140.3200000;141.3400000;15233700
20180807;000000;141.3500000;143.0400000;140.9500000;142.7400000;14033950
20180808;000000;142.7100000;144.1900000;142.2000000;144.1000000;26994160
20180809;000000;143.4000000;145.4600000;143.2600000;145.2000000;29174620
20180810;000000;144.6800000;146.2000000;144.0100000;144.8000000;27191130
20180813;000000;143.9000000;145.1500000;142.5400000;142.9000000;22775280
20180814;000000;143.4900000;143.4900000;139.8500000;141.2400000;22362070
20180815;000000;141.0200000;141.6800000;139.5000000;141.5000000;20921490
20180816;000000;141.4600000;142.0900000;139.9500000;140.8800000;14303090
20180817;000000;140.8700000;141.7600000;140.0300000;141.0100000;15071490
20180820;000000;141.9700000;142.2200000;140.6100000;141.5100000;8200340
20180821;000000;141.5700000;143.4900000;140.1200000;143.3000000;13668300
20180822;000000;143.5000000;144.4100000;142.3000000;144.1600000;16220450
20180823;000000;143.8100000;145.0000000;141.5000000;141.5000000;21388560
20180824;000000;141.7000000;143.9800000;141.5000000;143.6000000;18991800
20180827;000000;143.5100000;144.5200000;143.2500000;144.5200000;12761820
20180828;000000;144.5700000;146.7300000;144.5700000;145.6000000;19605540
20180829;000000;145.7500000;147.8800000;145.4000000;147.8800000;19138360
20180830;000000;147.8700000;148.3400000;145.6600000;145.9800000;17196900
20180831;000000;145.7000000;150.2000000;144.7800000;149.9500000;32950200
20180903;000000;149.9500000;151.0000000;148.5200000;148.7300000;14940540
20180904;000000;148.8600000;149.4100000;146.3900000;147.4000000;17075740
20180905;000000;147.2000000;148.5000000;146.8500000;147.0600000;15791180
20180906;000000;147.1600000;149.5000000;146.8900000;147.0600000;22009830
20180907;000000;146.9600000;148.9900000;146.5400000;148.8000000;16239400
20180910;000000;149.0000000;150.7500000;148.1500000;150.7500000;18670210
20180911;000000;150.7500000;152.9500000;150.1700000;152.3600000;44746030
20180912;000000;152.8600000;156.0000000;152.5400000;155.0500000;34157300
20180913;000000;154.6000000;155.7900000;153.0000000;153.5000000;21455930
20180914;000000;153.3300000;154.0000000;151.7700000;152.1500000;14166220
20180917;000000;151.9900000;155.7400000;151.4100000;155.4600000;33784110
20180918;000000;155.5000000;157.8700000;154.7400000;157.0800000;27139580
20180919;000000;157.5200000;159.7900000;156.6500000;157.3900000;43320720
20180920;000000;157.1000000;158.8900000;154.3500000;154.3500000;52178250
20180921;000000;154.6400000;158.9500000;154.5200000;158.6400000;48177010
20180924;000000;158.4800000;159.5000000;157.6000000;159.0000000;21553930
20180925;000000;159.4800000;160.9400000;157.8000000;160.8400000;21965630
20180926;000000;161.2600000;162.0000000;158.6400000;159.2700000;25557150
20180927;000000;159.3400000;162.4500000;158.5700000;161.8000000;41245320
20180928;000000;162.0000000;163.1900000;160.5000000;162.6100000;18914160
20181001;000000;163.4300000;163.9300000;161.2000000;161.8900000;15691970
20181002;000000;162.0200000;163.4700000;160.9700000;162.5900000;22794340
20181003;000000;163.0000000;170.1500000;162.7700000;169.4700000;65141860
20181004;000000;169.6000000;171.9500000;167.1500000;168.5000000;54167140
20181005;000000;167.8000000;171.1400000;166.5200000;170.5000000;30143510
20181008;000000;171.9900000;173.9500000;170.5500000;171.8100000;24276060
20181009;000000;172.5900000;176.9500000;172.1100000;172.1100000;45938350
20181010;000000;172.1100000;172.9500000;165.9000000;166.2000000;40726270
20181011;000000;162.4000000;163.8000000;160.6000000;161.9200000;43667630
20181012;000000;163.2000000;167.5900000;163.1000000;167.0000000;32072180
20181015;000000;167.5800000;168.6000000;163.1800000;164.0000000;20154950
20181016;000000;163.9100000;166.0000000;161.6100000;165.9900000;19259040
20181017;000000;167.1400000;167.3800000;163.3000000;164.5600000;19388010
20181018;000000;163.8000000;164.5500000;159.7000000;160.1800000;27086820
20181019;000000;160.7000000;161.3200000;158.1900000;161.3200000;31865890
20181022;000000;161.5000000;162.5000000;155.4200000;155.7000000;26071090
20181023;000000;154.4800000;155.2000000;151.7600000;153.6100000;31852020
20181024;000000;154.8900000;156.5800000;152.3100000;154.7000000;38379370
20181025;000000;152.7000000;156.8700000;152.5000000;155.6500000;35181510
20181026;000000;155.1900000;155.2400000;151.2100000;152.5000000;24333150
20181029;000000;152.0000000;153.7600000;151.5600000;152.5200000;15747080
20181030;000000;151.9800000;153.7400000;149.9000000;151.3000000;18630320
20181031;000000;152.0000000;155.4700000;152.0000000;155.4700000;24344060
20181101;000000;155.0900000;155.1000000;153.1700000;153.5000000;17054340
20181102;000000;154.1100000;154.9900000;153.3200000;153.7100000;15921720
20181106;000000;154.6600000;156.6500000;154.3800000;156.0000000;17900550
20181107;000000;156.0900000;157.8900000;154.7000000;157.8500000;34064230
20181108;000000;158.0000000;159.0000000;156.7100000;157.5100000;19897210
20181109;000000;156.5800000;156.8600000;151.8000000;153.1900000;34550880
20181112;000000;153.3600000;153.9000000;150.8000000;150.8900000;18167710
20181113;000000;150.4700000;151.5000000;148.8000000;148.8300000;28381590
20181114;000000;148.3400000;152.1800000;147.5500000;151.8500000;29905210
20181115;000000;152.7700000;155.2100000;152.6000000;154.1400000;29357240
20181116;000000;154.3100000;154.7600000;151.5400000;153.1600000;22612860
20181119;000000;153.5000000;155.0000000;153.4200000;154.1000000;18705890
20181120;000000;153.8000000;154.0000000;150.3000000;151.5100000;17143570
20181121;000000;151.2300000;152.7500000;151.1300000;152.4000000;15547090
20181122;000000;152.4000000;154.4000000;152.0200000;153.9100000;11601450
20181123;000000;153.4400000;153.6700000;150.3000000;151.7900000;19144370
20181126;000000;151.7400000;151.7900000;146.3000000;149.5300000;30510770
20181127;000000;149.9200000;154.2700000;149.8000000;153.8000000;20047920
20181128;000000;154.2200000;166.1000000;154.0000000;165.5800000;75501600
20181129;000000;166.6000000;167.3600000;163.6000000;164.9900000;43222090
20181130;000000;164.4000000;164.6500000;160.2500000;161.2900000;34040720
20181203;000000;164.2000000;166.6500000;163.8100000;165.4000000;39201230
20181204;000000;164.9200000;165.0000000;162.3000000;164.2000000;21819480
20181205;000000;161.2900000;164.5700000;160.3100000;164.5700000;23326990
20181206;000000;162.9000000;163.0000000;159.0000000;160.6200000;30346560
20181207;000000;160.8300000;163.1500000;159.6700000;163.0000000;29899120
20181210;000000;161.5000000;162.5000000;160.6800000;161.0000000;13580700
20181211;000000;160.8000000;161.2700000;157.6900000;158.6000000;24926650
20181212;000000;158.0000000;158.0900000;154.0000000;155.7900000;32682680
20181213;000000;154.9500000;156.4900000;153.2500000;156.4900000;19593130
20181214;000000;155.9600000;155.9800000;153.5100000;155.4000000;13691610
20181217;000000;155.1600000;156.4100000;152.9300000;153.5300000;18335250
20181218;000000;152.4000000;152.4200000;150.0500000;151.8900000;29979840
20181219;000000;151.1000000;153.7900000;150.7100000;152.9800000;19828860
20181220;000000;150.2300000;152.3800000;149.7000000;152.2700000;27281980
20181221;000000;151.4100000;152.2700000;150.3200000;151.1200000;24584730
20181224;000000;150.6600000;151.1500000;148.9300000;149.7300000;10653140
20181225;000000;148.3600000;148.4900000;145.0200000;147.0100000;13164880
20181226;000000;147.4700000;149.6600000;147.3600000;148.4100000;8569530
20181227;000000;151.0000000;152.4000000;150.0600000;150.6800000;16265460
20181228;000000;151.6800000;153.8000000;151.1600000;153.0000000;14209990
20181229;000000;153.6900000;153.7300000;152.8200000;153.5800000;2822290
20190103;000000;154.1300000;157.3000000;154.1100000;156.2800000;14156530
20190104;000000;156.7400000;159.1500000;156.7100000;159.1500000;14532100
20190108;000000;158.6500000;158.9400000;156.5500000;158.2600000;16952510
20190109;000000;158.8800000;160.4000000;158.4000000;160.2400000;19132150
20190110;000000;159.7400000;160.2000000;157.5600000;160.2000000;19908540
20190111;000000;160.2100000;161.1300000;159.8000000;161.0000000;17594360
20190114;000000;159.8400000;160.7500000;159.2000000;160.4800000;12570310
20190115;000000;160.9700000;161.5000000;157.3500000;158.1500000;20807500
20190116;000000;158.3500000;158.7500000;155.8000000;156.9000000;20854450
20190117;000000;157.2100000;157.2900000;155.6000000;157.1000000;16138910
20190118;000000;158.1700000;159.2000000;157.4300000;159.2000000;18171920
20190121;000000;159.0200000;160.0700000;158.0100000;158.3000000;11848340
20190122;000000;157.8600000;158.5000000;156.5700000;158.5000000;18825760
20190123;000000;158.2200000;159.9000000;158.0200000;159.9000000;14565330
20190124;000000;159.7100000;162.7800000;158.8600000;160.9000000;35642150
20190125;000000;161.6100000;162.8200000;160.1800000;162.8200000;19740330
20190128;000000;162.4000000;163.5800000;159.8200000;160.5600000;23869790
20190129;000000;160.1400000;162.9800000;159.0000000;162.9500000;22802210
20190130;000000;162.5100000;165.8400000;162.2600000;165.4000000;25103830
20190131;000000;166.0000000;166.4900000;162.5500000;162.8200000;30619120
20190201;000000;162.4700000;164.3700000;161.7500000;163.3300000;23022290
20190204;000000;163.3700000;165.0000000;162.8100000;163.2000000;11455620
20190205;000000;163.4500000;165.4300000;162.5400000;164.2500000;13705790
20190206;000000;164.4400000;164.6700000;163.0700000;163.2100000;9544680
20190207;000000;162.8800000;163.4400000;159.1000000;160.3900000;23511620
20190208;000000;159.1700000;161.3600000;158.1100000;159.8000000;19392120
20190211;000000;160.4300000;162.3000000;160.1800000;161.2900000;19102430
20190212;000000;161.5000000;163.6800000;160.7500000;163.6800000;14959180
20190213;000000;163.9400000;164.2800000;159.2700000;159.2700000;21976740
20190214;000000;157.3500000;158.7400000;155.1500000;155.1500000;38217060
20190215;000000;155.9900000;159.0400000;155.8900000;159.0400000;24534440
20190218;000000;159.2500000;159.9000000;156.1400000;156.4300000;17714880
20190219;000000;156.4900000;157.1400000;153.3600000;154.0300000;20048780
20190220;000000;154.6700000;155.6600000;153.6700000;154.4300000;21132090
20190221;000000;154.8400000;155.4100000;153.0100000;153.5000000;15195440
20190222;000000;153.5100000;155.6500000;153.4900000;154.6400000;13174630
20190225;000000;155.0100000;155.3700000;153.5600000;154.6000000;14729430
20190226;000000;153.9200000;155.3600000;152.8200000;155.3600000;18264040
20190227;000000;155.7000000;157.1500000;154.8200000;156.4000000;19613350
20190228;000000;156.3700000;159.2500000;156.0200000;158.9900000;34637820
20190301;000000;158.9200000;159.5500000;156.3100000;156.7100000;21869220
20190304;000000;156.7500000;156.7600000;154.4000000;154.4000000;17191730
20190305;000000;154.0400000;154.6500000;153.1100000;153.2000000;20106870
20190306;000000;153.3500000;154.4500000;153.0700000;154.2000000;17118260
20190307;000000;154.0000000;154.1900000;151.5800000;151.9000000;19664780
20190311;000000;151.9000000;152.4700000;150.5100000;151.6000000;19475200
20190312;000000;152.2400000;152.9500000;150.8400000;151.6400000;15459330
20190313;000000;151.2500000;153.3000000;150.6600000;153.3000000;18541850
20190314;000000;153.3500000;154.4000000;152.5300000;152.6800000;19954820
20190315;000000;152.9800000;154.5600000;152.1100000;154.5600000;33323370
20190318;000000;154.1700000;156.4800000;153.6000000;155.8400000;22046180
20190319;000000;155.8400000;156.4500000;154.6000000;155.5000000;17522800
20190320;000000;155.5400000;156.1400000;154.0000000;156.0900000;20074900
20190321;000000;156.3000000;156.7000000;154.5200000;155.3300000;28106530
20190322;000000;155.0200000;155.0200000;151.8500000;152.2900000;23196800
20190325;000000;151.2200000;152.2900000;150.7200000;152.2900000;22489970
20190326;000000;151.9900000;152.9100000;150.8300000;151.1200000;21606970
20190327;000000;150.9000000;151.4400000;149.0300000;149.4900000;23876030
20190328;000000;149.6800000;150.7500000;148.8300000;149.9800000;16368070
20190329;000000;150.1700000;151.6400000;149.1300000;149.6100000;26427080
20190401;000000;150.2700000;154.8100000;149.9200000;154.5300000;37014640
20190402;000000;154.8500000;155.8000000;153.3000000;155.0000000;30932830
20190403;000000;155.3500000;157.5800000;155.3100000;156.9900000;33767480
20190404;000000;156.8000000;158.8900000;156.4000000;158.8900000;22962870
20190405;000000;158.3700000;159.5000000;157.8700000;158.6000000;22836310
20190408;000000;158.8700000;160.8800000;158.8700000;160.5000000;25792120
20190409;000000;160.4500000;163.3500000;159.8000000;162.7000000;40138250
20190410;000000;162.4000000;164.9500000;162.1200000;162.8800000;38948440
20190411;000000;162.3700000;162.9500000;158.0400000;158.0400000;44918320
20190412;000000;158.5700000;160.4600000;157.9000000;159.1200000;29292480
20190415;000000;160.0000000;160.6000000;157.6200000;158.3300000;18161810
20190416;000000;158.9900000;163.4200000;158.2100000;162.2400000;27268370
20190417;000000;163.0000000;165.4000000;162.4000000;164.0000000;28383560
20190418;000000;163.6200000;163.7900000;160.8500000;161.7900000;19619030
20190419;000000;161.9400000;162.5700000;161.5000000;162.5700000;3846150
20190422;000000;163.2100000;164.3400000;162.7600000;163.5000000;8932150
20190423;000000;163.5800000;163.8500000;160.9100000;162.4200000;15143870
20190424;000000;162.9300000;163.0700000;159.1800000;160.5700000;25714110
20190425;000000;160.1900000;160.9500000;158.8000000;159.3100000;21705450
20190426;000000;159.0500000;161.0000000;158.5800000;161.0000000;17621560
20190429;000000;161.2000000;164.7400000;160.6800000;163.9300000;31180350
20190430;000000;164.0300000;165.4000000;163.0100000;163.9500000;31318480
20190502;000000;163.6700000;166.8500000;163.6700000;165.7100000;20687740
20190503;000000;166.2100000;166.9800000;165.8300000;166.3100000;13220120
20190506;000000;164.9800000;165.4500000;163.3400000;165.4500000;15413420
20190507;000000;165.0100000;166.2700000;164.2100000;164.2100000;19239460
20190508;000000;164.4900000;165.4400000;163.5500000;163.5700000;17864410
20190510;000000;163.6100000;164.9000000;162.6200000;163.6100000;16115500
20190513;000000;163.5400000;164.3400000;163.0000000;163.0000000;16929890
20190514;000000;163.0000000;190.9000000;162.6500000;189.6700000;182155530
20190515;000000;193.0300000;198.4000000;192.2900000;195.6100000;135042030
20190516;000000;194.6100000;203.4500000;194.2400000;202.7000000;99939840
20190517;000000;201.8100000;202.3000000;197.7100000;198.8900000;49498930
20190520;000000;200.2000000;201.4800000;198.3000000;200.8000000;27257450
20190521;000000;201.4000000;210.9800000;199.0100000;207.8000000;90723200
20190522;000000;208.9200000;210.1100000;206.3300000;208.1000000;34914980
20190523;000000;207.1000000;212.1800000;205.8400000;208.8600000;54423660
20190524;000000;209.4900000;210.2000000;203.7600000;204.5000000;28977610
20190527;000000;204.2500000;206.6000000;200.8400000;206.2000000;28108030
20190528;000000;206.0000000;206.0000000;201.0000000;203.1300000;61116250
20190529;000000;202.1000000;207.6900000;201.1100000;207.1400000;42885290
20190530;000000;207.9000000;216.4500000;207.5700000;213.1000000;77165630
20190531;000000;212.0000000;215.2700000;210.0500000;215.1000000;43583100
20190603;000000;214.4000000;251.6500000;213.5000000;235.5100000;218623740
20190604;000000;233.5000000;235.5900000;223.5200000;230.1600000;109468310
20190605;000000;230.2500000;233.3000000;228.0400000;230.0100000;40189180
20190606;000000;230.0000000;236.6200000;228.7100000;231.4500000;55255260
20190607;000000;233.1300000;233.7700000;230.0000000;230.5000000;42161970
20190610;000000;230.9600000;234.3000000;230.4000000;232.1000000;30561990
20190611;000000;232.3300000;237.6300000;231.1300000;234.8600000;44830680
20190613;000000;233.7400000;237.3500000;233.0100000;234.4400000;35344770
20190614;000000;234.3800000;235.4400000;231.2600000;231.5100000;25324550
20190617;000000;231.5500000;234.4400000;229.6300000;229.8100000;32323620
20190618;000000;229.6800000;232.3000000;228.3000000;232.1300000;32150900
20190619;000000;232.5000000;235.4200000;232.0000000;232.4600000;31792020
20190620;000000;234.0000000;234.4500000;231.4500000;232.5200000;44745000
20190621;000000;232.5000000;232.5200000;228.8500000;229.0900000;47026920
20190624;000000;229.5400000;233.0400000;229.4700000;232.3800000;22048370
20190625;000000;232.0200000;232.1900000;229.6400000;232.0900000;21479600
20190626;000000;232.5200000;233.6000000;232.0000000;233.1000000;19194980
20190627;000000;233.0100000;234.9300000;232.6000000;232.6000000;22173120
20190628;000000;233.2100000;235.4700000;232.3500000;232.8300000;42417300
20190701;000000;234.1600000;248.4300000;234.1000000;245.5000000;79789230
20190702;000000;246.2500000;249.2600000;243.7000000;246.6500000;31516910
20190703;000000;246.0100000;251.6000000;245.5500000;251.6000000;44695140
20190704;000000;251.6000000;256.4000000;250.6100000;255.3500000;43456600
20190705;000000;255.2000000;255.9600000;250.1200000;250.8900000;36201160
20190708;000000;250.1100000;250.9600000;245.2000000;248.5100000;39287950
20190709;000000;248.6500000;252.9300000;247.7100000;250.1700000;32399700
20190710;000000;250.6500000;251.4800000;248.8000000;250.2100000;32997900
20190711;000000;250.2100000;250.6900000;245.0000000;247.2000000;42946890
20190712;000000;247.0700000;247.8000000;244.0000000;245.5000000;21518430
20190715;000000;246.9800000;248.0800000;240.1000000;240.3000000;35954500
20190716;000000;240.1000000;240.4000000;235.8300000;238.0100000;40808070
20190717;000000;223.5600000;224.0300000;218.6300000;220.1900000;49159480
20190718;000000;219.0000000;219.8000000;215.7700000;218.3000000;30832300
20190719;000000;219.4900000;220.4300000;215.3700000;216.0000000;19994180
20190722;000000;215.9600000;220.0000000;214.1000000;217.1200000;33671480
20190723;000000;217.5000000;221.1700000;216.7600000;217.3900000;34688860
20190724;000000;218.4700000;218.4700000;210.5100000;212.0000000;44472730
20190725;000000;208.0000000;228.9400000;206.0000000;219.0000000;168276260
20190726;000000;217.0000000;236.0000000;217.0000000;234.2300000;180746030
20190729;000000;234.1200000;238.7000000;231.8300000;236.7300000;50392430
20190730;000000;236.2000000;237.1300000;232.3700000;237.1000000;43909750
20190731;000000;237.4300000;239.6400000;234.4400000;236.9000000;45390530
20190801;000000;234.5400000;237.3400000;233.2900000;234.2800000;31214130
20190802;000000;231.2000000;233.1700000;227.9100000;227.9100000;59088400
20190805;000000;225.9800000;228.0000000;222.3000000;223.6100000;53274790
20190806;000000;223.6200000;227.7800000;223.6200000;226.7600000;30408050
20190807;000000;226.9200000;232.6700000;225.5000000;227.6700000;49674350
20190808;000000;230.5600000;233.5400000;230.4300000;231.2100000;29462320
20190809;000000;231.4500000;232.2600000;228.9100000;229.9600000;18511340
20190812;000000;231.0100000;232.9700000;229.2900000;230.2400000;15899440
20190813;000000;229.8100000;232.1600000;226.4600000;229.8700000;35141330
20190814;000000;231.1000000;231.1900000;224.5800000;227.1000000;35810650
20190815;000000;227.6500000;229.7000000;224.8900000;227.1500000;32261660
20190816;000000;228.3500000;229.3800000;224.0800000;224.7100000;25088600
20190819;000000;226.0000000;227.2000000;223.6500000;226.8000000;19071590
20190820;000000;226.7900000;232.3200000;226.1500000;231.5400000;34614850
20190821;000000;231.7200000;232.3200000;230.5000000;231.2200000;20484120
20190822;000000;231.0000000;233.9800000;230.2100000;232.0600000;26482270
20190823;000000;232.6800000;233.0400000;228.9300000;229.3500000;28995640
20190826;000000;228.8000000;230.6000000;228.0500000;228.9000000;10989680
20190827;000000;228.9200000;229.2800000;223.0000000;227.0000000;55755870
20190828;000000;226.5200000;228.6400000;224.8800000;228.4800000;32501460
20190829;000000;228.8700000;235.2500000;228.6700000;233.2000000;47541460
20190830;000000;233.6700000;233.8500000;231.0700000;232.1500000;21999850
20190902;000000;231.9300000;234.2200000;230.5000000;233.6700000;19247230
20190903;000000;233.4000000;233.6000000;229.9600000;231.0200000;20644460
20190904;000000;232.7000000;234.7800000;232.1800000;233.7100000;27460870
20190905;000000;234.6400000;238.1700000;234.6400000;236.1800000;29825470
20190906;000000;235.8000000;235.9700000;232.3800000;234.4900000;24958710
20190909;000000;235.0100000;235.6200000;233.0000000;234.8500000;16605360
20190910;000000;234.5000000;235.1000000;232.0200000;233.0000000;24030270
20190911;000000;233.0300000;235.3800000;232.2000000;235.0700000;27067670
20190912;000000;234.4000000;235.2800000;231.5100000;232.8800000;28919220
20190913;000000;232.6000000;233.4100000;230.8000000;232.5000000;17924170
20190916;000000;233.9200000;234.8800000;232.5700000;234.8800000;29088960
20190917;000000;234.5900000;235.1700000;232.3600000;233.5800000;28290430
20190918;000000;233.0000000;233.9600000;232.3000000;233.4600000;12241830
20190919;000000;233.2000000;233.2800000;230.0600000;230.5200000;31656770
20190920;000000;230.7500000;231.0000000;228.5000000;230.4100000;34630870
20190923;000000;230.5100000;231.2500000;228.8700000;230.3600000;16853630
20190924;000000;230.4000000;230.6800000;227.1900000;227.7000000;22360090
20190925;000000;227.0500000;228.7000000;225.7600000;228.4300000;22023600
20190926;000000;228.7400000;233.7000000;228.3100000;231.9700000;40372280
20190927;000000;231.9500000;232.1400000;229.0100000;229.0100000;13552170
20190930;000000;229.0300000;229.4600000;225.9000000;225.9000000;26468400
20191001;000000;225.9900000;227.7000000;225.1700000;226.4900000;16729200
20191002;000000;226.2000000;226.6500000;223.2500000;223.6000000;31853130
20191003;000000;223.5500000;224.8900000;220.7900000;223.1000000;29947650
20191004;000000;224.3000000;224.6500000;221.2400000;221.6600000;21983910
20191007;000000;221.8600000;226.8100000;220.6800000;226.3600000;22368580
20191008;000000;226.5500000;227.7000000;222.7100000;223.2000000;22250070
20191009;000000;223.1000000;224.7100000;221.7200000;223.1800000;14900260
20191010;000000;222.9900000;224.9300000;222.2700000;224.5000000;14656590
20191011;000000;225.0100000;227.5000000;224.8200000;227.3700000;18254680
20191014;000000;227.3800000;228.6100000;225.5000000;226.0000000;14629550
20191015;000000;225.9900000;227.1500000;224.0600000;226.0000000;18143980
20191016;000000;225.8500000;227.9000000;225.1100000;227.7000000;17795440
20191017;000000;227.6600000;228.6000000;226.0000000;228.0000000;21404300
20191018;000000;227.8800000;228.9000000;227.2000000;228.0000000;16558440
20191021;000000;228.2400000;229.1100000;227.3100000;228.5400000;14398380
20191022;000000;228.5900000;235.3600000;228.2800000;235.3600000;42863380
20191023;000000;234.8600000;237.6700000;233.1600000;236.2000000;39572590
20191024;000000;236.4600000;244.0000000;236.4600000;243.9400000;47588820
20191025;000000;244.1700000;247.4000000;239.5000000;246.7100000;43854890
20191028;000000;247.3400000;249.9600000;242.7000000;244.4000000;34900700
20191029;000000;244.0300000;253.6900000;241.4000000;253.1000000;70808570
20191030;000000;252.8500000;265.2600000;252.0100000;261.6000000;97799760
20191031;000000;262.2900000;267.4000000;257.0000000;260.0000000;89611990
20191101;000000;260.1100000;264.2800000;256.3500000;263.7900000;50894990
20191105;000000;266.0200000;267.5300000;261.3100000;263.0000000;36659860
20191106;000000;263.1100000;266.9800000;258.9100000;266.9800000;37682320
20191107;000000;266.0100000;272.6800000;264.6600000;270.7400000;56144120
20191108;000000;269.9000000;270.2000000;264.4500000;266.0000000;33408610
20191111;000000;265.0000000;265.4500000;259.8000000;260.4000000;42759010
20191112;000000;260.8200000;264.5700000;256.1300000;257.2500000;61477030
20191113;000000;256.1100000;257.1900000;250.7900000;251.8000000;87751920
20191114;000000;252.5500000;253.4600000;244.8000000;248.3400000;127648980
20191115;000000;248.5000000;250.4700000;245.0000000;248.0100000;89282030
20191118;000000;250.0100000;250.4000000;245.6200000;246.1500000;52569520
20191119;000000;246.5000000;248.7000000;244.3200000;248.0100000;66007160
20191120;000000;246.9400000;254.8900000;245.5800000;248.0000000;199141170
20191121;000000;252.0000000;259.8000000;250.0100000;254.3500000;221190060
20191122;000000;253.1200000;257.7200000;250.1300000;251.9900000;92136720
20191125;000000;252.1200000;256.1700000;251.4600000;255.2000000;47749490
20191126;000000;255.6000000;257.4100000;252.0100000;254.0000000;70125370
20191127;000000;253.8000000;255.8500000;252.2500000;253.8900000;37656880
20191128;000000;253.4800000;254.4300000;251.3500000;254.0000000;29765820
20191129;000000;253.8900000;257.5400000;251.8600000;257.5400000;53273480
20191202;000000;258.4500000;263.4000000;254.0500000;254.0500000;70123970
20191203;000000;253.2000000;254.1400000;247.0900000;247.9300000;75267070
20191204;000000;248.5000000;251.9600000;246.4000000;248.9300000;59259200
20191205;000000;249.5000000;250.3000000;244.7700000;246.3600000;61673820
20191206;000000;246.5000000;248.2500000;245.3900000;247.8300000;44833820
20191209;000000;247.9800000;250.2200000;247.4000000;248.7000000;32380540
20191210;000000;248.9000000;250.1500000;246.5000000;246.9000000;34789240
20191211;000000;246.8400000;248.6900000;246.8400000;247.3400000;31231740
