<TICKER>;<PER>;<DATE>;<TIME>;<OPEN>;<HIGH>;<LOW>;<CLOSE>;<VOL>
SPFB.RTS;D;20161212;000000;110980.0000000;115200.0000000;110980.0000000;113930.0000000;131099
SPFB.RTS;D;20161213;000000;113900.0000000;117060.0000000;113460.0000000;116250.0000000;232435
SPFB.RTS;D;20161214;000000;116150.0000000;116490.0000000;111560.0000000;111860.0000000;450981
SPFB.RTS;D;20161215;000000;111870.0000000;114320.0000000;111760.0000000;114030.0000000;831880
SPFB.RTS;D;20161216;000000;114090.0000000;114430.0000000;111620.0000000;112750.0000000;721836
SPFB.RTS;D;20161219;000000;112840.0000000;113460.0000000;111810.0000000;111870.0000000;550734
SPFB.RTS;D;20161220;000000;111880.0000000;114030.0000000;111650.0000000;113580.0000000;498144
SPFB.RTS;D;20161221;000000;113580.0000000;114890.0000000;112680.0000000;112900.0000000;552316
SPFB.RTS;D;20161222;000000;112950.0000000;113460.0000000;111870.0000000;112360.0000000;593927
SPFB.RTS;D;20161223;000000;112290.0000000;113190.0000000;110670.0000000;111910.0000000;593313
SPFB.RTS;D;20161226;000000;111880.0000000;113100.0000000;111800.0000000;112570.0000000;242068
SPFB.RTS;D;20161227;000000;112610.0000000;114430.0000000;112390.0000000;114050.0000000;409444
SPFB.RTS;D;20161228;000000;114090.0000000;114770.0000000;113610.0000000;114140.0000000;441859
SPFB.RTS;D;20161229;000000;114240.0000000;115280.0000000;113240.0000000;114860.0000000;447258
SPFB.RTS;D;20161230;000000;114870.0000000;115670.0000000;113540.0000000;114780.0000000;400495
SPFB.RTS;D;20170103;000000;114970.0000000;119870.0000000;114970.0000000;118080.0000000;672155
SPFB.RTS;D;20170104;000000;118090.0000000;118830.0000000;116440.0000000;118320.0000000;477186
SPFB.RTS;D;20170105;000000;118380.0000000;119300.0000000;116820.0000000;117870.0000000;556398
SPFB.RTS;D;20170106;000000;117960.0000000;118380.0000000;116510.0000000;117530.0000000;446585
SPFB.RTS;D;20170109;000000;117550.0000000;117750.0000000;115640.0000000;116160.0000000;533705
SPFB.RTS;D;20170110;000000;116160.0000000;117850.0000000;115730.0000000;116760.0000000;574674
SPFB.RTS;D;20170111;000000;116740.0000000;117970.0000000;115220.0000000;117690.0000000;718962
SPFB.RTS;D;20170112;000000;117700.0000000;118340.0000000;117050.0000000;117340.0000000;571492
SPFB.RTS;D;20170113;000000;117350.0000000;117780.0000000;115260.0000000;115830.0000000;587515
SPFB.RTS;D;20170116;000000;115850.0000000;116730.0000000;115270.0000000;115570.0000000;434160
SPFB.RTS;D;20170117;000000;115700.0000000;116330.0000000;115130.0000000;115320.0000000;544634
SPFB.RTS;D;20170118;000000;115430.0000000;116790.0000000;114850.0000000;115040.0000000;601376
SPFB.RTS;D;20170119;000000;115110.0000000;115800.0000000;113110.0000000;113580.0000000;680547
SPFB.RTS;D;20170120;000000;113630.0000000;114470.0000000;113190.0000000;113820.0000000;484614
SPFB.RTS;D;20170123;000000;113810.0000000;114210.0000000;113140.0000000;113980.0000000;440962
SPFB.RTS;D;20170124;000000;114000.0000000;115910.0000000;114000.0000000;115500.0000000;476361
SPFB.RTS;D;20170125;000000;115640.0000000;116650.0000000;115120.0000000;115550.0000000;578137
SPFB.RTS;D;20170126;000000;115600.0000000;116650.0000000;115220.0000000;116060.0000000;606590
SPFB.RTS;D;20170127;000000;116070.0000000;120200.0000000;115930.0000000;119140.0000000;750048
SPFB.RTS;D;20170130;000000;119060.0000000;119060.0000000;117080.0000000;117640.0000000;527250
SPFB.RTS;D;20170131;000000;117640.0000000;117680.0000000;115400.0000000;116100.0000000;577166
SPFB.RTS;D;20170201;000000;116120.0000000;117040.0000000;115620.0000000;116760.0000000;530594
SPFB.RTS;D;20170202;000000;116870.0000000;119930.0000000;116590.0000000;117800.0000000;722617
SPFB.RTS;D;20170203;000000;117760.0000000;118990.0000000;117340.0000000;118480.0000000;524190
SPFB.RTS;D;20170206;000000;118560.0000000;119740.0000000;117410.0000000;118050.0000000;554435
SPFB.RTS;D;20170207;000000;118030.0000000;118080.0000000;116610.0000000;117430.0000000;497227
SPFB.RTS;D;20170208;000000;117430.0000000;117430.0000000;115690.0000000;116500.0000000;567017
SPFB.RTS;D;20170209;000000;116500.0000000;117170.0000000;115520.0000000;116200.0000000;494655
SPFB.RTS;D;20170210;000000;116210.0000000;117160.0000000;115640.0000000;116930.0000000;525759
SPFB.RTS;D;20170213;000000;117000.0000000;118130.0000000;116710.0000000;117530.0000000;539198
SPFB.RTS;D;20170214;000000;117490.0000000;117940.0000000;116650.0000000;117540.0000000;548516
SPFB.RTS;D;20170215;000000;117510.0000000;118060.0000000;116940.0000000;117440.0000000;609891
SPFB.RTS;D;20170216;000000;117450.0000000;117850.0000000;116600.0000000;117060.0000000;499999
SPFB.RTS;D;20170217;000000;117110.0000000;117480.0000000;114610.0000000;115320.0000000;557880
SPFB.RTS;D;20170220;000000;115400.0000000;115740.0000000;114520.0000000;114950.0000000;469780
SPFB.RTS;D;20170221;000000;115040.0000000;116670.0000000;114840.0000000;116450.0000000;530307
SPFB.RTS;D;20170222;000000;116530.0000000;116850.0000000;113420.0000000;114140.0000000;613401
SPFB.RTS;D;20170224;000000;114200.0000000;114930.0000000;112650.0000000;113050.0000000;390194
SPFB.RTS;D;20170227;000000;113080.0000000;113990.0000000;111400.0000000;111700.0000000;484275
SPFB.RTS;D;20170228;000000;111730.0000000;111950.0000000;109110.0000000;109590.0000000;716134
SPFB.RTS;D;20170301;000000;109590.0000000;111490.0000000;109550.0000000;111210.0000000;630875
SPFB.RTS;D;20170302;000000;111150.0000000;112050.0000000;109340.0000000;109400.0000000;832389
SPFB.RTS;D;20170303;000000;109400.0000000;111710.0000000;108560.0000000;111340.0000000;693545
SPFB.RTS;D;20170306;000000;111260.0000000;112240.0000000;110200.0000000;110690.0000000;596949
SPFB.RTS;D;20170307;000000;110700.0000000;110840.0000000;108970.0000000;109380.0000000;568838
SPFB.RTS;D;20170309;000000;109250.0000000;109250.0000000;104250.0000000;105070.0000000;1105129
SPFB.RTS;D;20170310;000000;104270.0000000;105640.0000000;103810.0000000;104630.0000000;55371
SPFB.RTS;D;20170313;000000;104580.0000000;106970.0000000;103900.0000000;106640.0000000;85541
SPFB.RTS;D;20170314;000000;106620.0000000;107180.0000000;104810.0000000;106410.0000000;160749
SPFB.RTS;D;20170315;000000;106530.0000000;108350.0000000;105520.0000000;108060.0000000;346861
SPFB.RTS;D;20170316;000000;108080.0000000;109690.0000000;107830.0000000;109440.0000000;719654
SPFB.RTS;D;20170317;000000;109480.0000000;112200.0000000;109040.0000000;112060.0000000;710102
SPFB.RTS;D;20170320;000000;112010.0000000;112540.0000000;110240.0000000;111740.0000000;657911
SPFB.RTS;D;20170321;000000;111740.0000000;113640.0000000;111160.0000000;111440.0000000;820468
SPFB.RTS;D;20170322;000000;111300.0000000;112350.0000000;109950.0000000;112180.0000000;870836
SPFB.RTS;D;20170323;000000;112200.0000000;113040.0000000;110960.0000000;111880.0000000;692399
SPFB.RTS;D;20170324;000000;111890.0000000;112860.0000000;111370.0000000;112620.0000000;589359
SPFB.RTS;D;20170327;000000;112600.0000000;112600.0000000;110050.0000000;111380.0000000;613625
SPFB.RTS;D;20170328;000000;111380.0000000;112290.0000000;110860.0000000;111720.0000000;625388
SPFB.RTS;D;20170329;000000;111840.0000000;112500.0000000;111330.0000000;112390.0000000;562068
SPFB.RTS;D;20170330;000000;112360.0000000;113610.0000000;112180.0000000;113310.0000000;635599
SPFB.RTS;D;20170331;000000;113300.0000000;113400.0000000;110760.0000000;111340.0000000;584107
SPFB.RTS;D;20170403;000000;111350.0000000;112420.0000000;111220.0000000;112250.0000000;544435
SPFB.RTS;D;20170404;000000;112200.0000000;113840.0000000;111180.0000000;113540.0000000;551712
SPFB.RTS;D;20170405;000000;113570.0000000;115470.0000000;113570.0000000;114250.0000000;667455
SPFB.RTS;D;20170406;000000;114250.0000000;114940.0000000;113710.0000000;114140.0000000;519556
SPFB.RTS;D;20170407;000000;114140.0000000;114190.0000000;110510.0000000;110660.0000000;719890
SPFB.RTS;D;20170410;000000;110590.0000000;110590.0000000;107710.0000000;108220.0000000;615936
SPFB.RTS;D;20170411;000000;108170.0000000;110060.0000000;107990.0000000;109320.0000000;690776
SPFB.RTS;D;20170412;000000;109360.0000000;109840.0000000;106420.0000000;107430.0000000;846467
SPFB.RTS;D;20170413;000000;107450.0000000;108650.0000000;106150.0000000;108060.0000000;857247
SPFB.RTS;D;20170414;000000;107970.0000000;108390.0000000;106520.0000000;106650.0000000;370066
SPFB.RTS;D;20170417;000000;106610.0000000;109260.0000000;106040.0000000;109230.0000000;572036
SPFB.RTS;D;20170418;000000;109100.0000000;109400.0000000;106870.0000000;107050.0000000;764844
SPFB.RTS;D;20170419;000000;107100.0000000;108130.0000000;105420.0000000;105770.0000000;761680
SPFB.RTS;D;20170420;000000;105820.0000000;108100.0000000;105730.0000000;107550.0000000;659222
SPFB.RTS;D;20170421;000000;107640.0000000;108940.0000000;107090.0000000;108000.0000000;663572
SPFB.RTS;D;20170424;000000;108020.0000000;111040.0000000;108020.0000000;110560.0000000;646413
SPFB.RTS;D;20170425;000000;110570.0000000;111990.0000000;110420.0000000;111570.0000000;537152
SPFB.RTS;D;20170426;000000;111560.0000000;111870.0000000;110150.0000000;110860.0000000;629522
SPFB.RTS;D;20170427;000000;110890.0000000;111360.0000000;109830.0000000;111300.0000000;705102
SPFB.RTS;D;20170428;000000;111300.0000000;111900.0000000;110610.0000000;111280.0000000;510972
SPFB.RTS;D;20170502;000000;111280.0000000;112560.0000000;110540.0000000;111660.0000000;488828
SPFB.RTS;D;20170503;000000;111610.0000000;111610.0000000;108910.0000000;109030.0000000;668397
SPFB.RTS;D;20170504;000000;108990.0000000;109640.0000000;106670.0000000;106850.0000000;705676
SPFB.RTS;D;20170505;000000;106800.0000000;108480.0000000;105910.0000000;108440.0000000;643994
SPFB.RTS;D;20170510;000000;108350.0000000;110940.0000000;107710.0000000;110380.0000000;528726
SPFB.RTS;D;20170511;000000;110380.0000000;111210.0000000;109380.0000000;110110.0000000;505428
SPFB.RTS;D;20170512;000000;110220.0000000;110310.0000000;108600.0000000;109310.0000000;526648
SPFB.RTS;D;20170515;000000;109450.0000000;111650.0000000;109450.0000000;111260.0000000;532476
SPFB.RTS;D;20170516;000000;111280.0000000;111790.0000000;110500.0000000;110510.0000000;489594
SPFB.RTS;D;20170517;000000;110500.0000000;110570.0000000;109080.0000000;109190.0000000;599250
SPFB.RTS;D;20170518;000000;109190.0000000;109250.0000000;106540.0000000;107610.0000000;917698
SPFB.RTS;D;20170519;000000;107650.0000000;108940.0000000;106910.0000000;107890.0000000;611981
SPFB.RTS;D;20170522;000000;107890.0000000;108970.0000000;107210.0000000;108260.0000000;562666
SPFB.RTS;D;20170523;000000;108240.0000000;109750.0000000;107650.0000000;109400.0000000;537075
SPFB.RTS;D;20170524;000000;109430.0000000;109860.0000000;107730.0000000;108820.0000000;567692
SPFB.RTS;D;20170525;000000;108880.0000000;109750.0000000;107080.0000000;107170.0000000;691005
SPFB.RTS;D;20170526;000000;107170.0000000;107670.0000000;106650.0000000;107450.0000000;513242
SPFB.RTS;D;20170529;000000;107440.0000000;108400.0000000;107020.0000000;107500.0000000;341340
SPFB.RTS;D;20170530;000000;107500.0000000;107980.0000000;107030.0000000;107640.0000000;413981
SPFB.RTS;D;20170531;000000;107630.0000000;107630.0000000;104610.0000000;105530.0000000;648543
SPFB.RTS;D;20170601;000000;105490.0000000;105750.0000000;103410.0000000;103790.0000000;591807
SPFB.RTS;D;20170602;000000;103750.0000000;104800.0000000;102390.0000000;104420.0000000;698255
SPFB.RTS;D;20170605;000000;104420.0000000;105130.0000000;103570.0000000;104030.0000000;502356
SPFB.RTS;D;20170606;000000;104030.0000000;104890.0000000;103310.0000000;104100.0000000;462533
SPFB.RTS;D;20170607;000000;104080.0000000;104660.0000000;102410.0000000;102700.0000000;531499
SPFB.RTS;D;20170608;000000;102710.0000000;103500.0000000;101740.0000000;103060.0000000;557596
SPFB.RTS;D;20170609;000000;103020.0000000;104070.0000000;102670.0000000;103340.0000000;508226
SPFB.RTS;D;20170613;000000;103400.0000000;103720.0000000;102820.0000000;102950.0000000;518643
SPFB.RTS;D;20170614;000000;102990.0000000;103120.0000000;99620.0000000;100100.0000000;611929
SPFB.RTS;D;20170615;000000;97560.0000000;97930.0000000;94760.0000000;96910.0000000;863357
SPFB.RTS;D;20170616;000000;97520.0000000;97960.0000000;96410.0000000;96990.0000000;370105
SPFB.RTS;D;20170619;000000;96990.0000000;97830.0000000;96870.0000000;97750.0000000;427748
SPFB.RTS;D;20170620;000000;97750.0000000;98540.0000000;95300.0000000;95780.0000000;625213
SPFB.RTS;D;20170621;000000;95550.0000000;96180.0000000;93550.0000000;94050.0000000;724028
SPFB.RTS;D;20170622;000000;94090.0000000;96280.0000000;93820.0000000;95480.0000000;604306
SPFB.RTS;D;20170623;000000;95540.0000000;97340.0000000;95420.0000000;97200.0000000;563875
SPFB.RTS;D;20170626;000000;97250.0000000;98240.0000000;96660.0000000;97280.0000000;597406
SPFB.RTS;D;20170627;000000;97290.0000000;98730.0000000;96410.0000000;96510.0000000;666086
SPFB.RTS;D;20170628;000000;96640.0000000;98890.0000000;96640.0000000;98640.0000000;561771
SPFB.RTS;D;20170629;000000;98670.0000000;99370.0000000;96860.0000000;97430.0000000;582122
SPFB.RTS;D;20170630;000000;97430.0000000;99080.0000000;97420.0000000;99080.0000000;468534
SPFB.RTS;D;20170703;000000;99080.0000000;99460.0000000;97880.0000000;99220.0000000;467393
SPFB.RTS;D;20170704;000000;99210.0000000;99970.0000000;98880.0000000;99540.0000000;364940
SPFB.RTS;D;20170705;000000;99670.0000000;99970.0000000;98220.0000000;99180.0000000;635992
SPFB.RTS;D;20170706;000000;99170.0000000;99390.0000000;98080.0000000;98350.0000000;567902
SPFB.RTS;D;20170707;000000;98260.0000000;99040.0000000;97730.0000000;98360.0000000;548689
SPFB.RTS;D;20170710;000000;98420.0000000;99700.0000000;98160.0000000;99360.0000000;590889
SPFB.RTS;D;20170711;000000;99350.0000000;99840.0000000;98090.0000000;99700.0000000;527369
SPFB.RTS;D;20170712;000000;99740.0000000;102010.0000000;99640.0000000;101580.0000000;671595
SPFB.RTS;D;20170713;000000;101500.0000000;102260.0000000;101130.0000000;102000.0000000;519079
SPFB.RTS;D;20170714;000000;101920.0000000;103950.0000000;101750.0000000;103850.0000000;527796
SPFB.RTS;D;20170717;000000;103770.0000000;104320.0000000;102460.0000000;103130.0000000;429116
SPFB.RTS;D;20170718;000000;103200.0000000;103900.0000000;102120.0000000;102500.0000000;535626
SPFB.RTS;D;20170719;000000;102460.0000000;104480.0000000;102250.0000000;104280.0000000;491493
SPFB.RTS;D;20170720;000000;104360.0000000;104660.0000000;103620.0000000;103900.0000000;488239
SPFB.RTS;D;20170721;000000;103880.0000000;104330.0000000;102300.0000000;102630.0000000;499489
SPFB.RTS;D;20170724;000000;102630.0000000;102630.0000000;100830.0000000;101420.0000000;588739
SPFB.RTS;D;20170725;000000;101500.0000000;102160.0000000;100460.0000000;101990.0000000;531731
SPFB.RTS;D;20170726;000000;101950.0000000;103030.0000000;101070.0000000;102820.0000000;542687
SPFB.RTS;D;20170727;000000;102760.0000000;103250.0000000;101870.0000000;102520.0000000;460884
SPFB.RTS;D;20170728;000000;102370.0000000;102500.0000000;100680.0000000;101500.0000000;507141
SPFB.RTS;D;20170731;000000;101500.0000000;101820.0000000;99650.0000000;101520.0000000;524226
SPFB.RTS;D;20170801;000000;101490.0000000;102420.0000000;101000.0000000;101180.0000000;497119
SPFB.RTS;D;20170802;000000;101120.0000000;102790.0000000;100960.0000000;102410.0000000;500155
SPFB.RTS;D;20170803;000000;102400.0000000;103120.0000000;101760.0000000;101950.0000000;447955
SPFB.RTS;D;20170804;000000;101980.0000000;103050.0000000;101750.0000000;102650.0000000;468786
SPFB.RTS;D;20170807;000000;102650.0000000;103690.0000000;102560.0000000;103470.0000000;459712
SPFB.RTS;D;20170808;000000;103430.0000000;104980.0000000;103230.0000000;104340.0000000;464480
SPFB.RTS;D;20170809;000000;104270.0000000;104450.0000000;103280.0000000;103980.0000000;488399
SPFB.RTS;D;20170810;000000;104010.0000000;104290.0000000;102400.0000000;102460.0000000;551858
SPFB.RTS;D;20170811;000000;102460.0000000;102920.0000000;101120.0000000;102710.0000000;526754
SPFB.RTS;D;20170814;000000;102750.0000000;103480.0000000;102270.0000000;102450.0000000;441034
SPFB.RTS;D;20170815;000000;102490.0000000;103190.0000000;101760.0000000;103130.0000000;460715
SPFB.RTS;D;20170816;000000;103200.0000000;103690.0000000;102550.0000000;102600.0000000;438627
SPFB.RTS;D;20170817;000000;102680.0000000;103640.0000000;102510.0000000;102540.0000000;449255
SPFB.RTS;D;20170818;000000;102600.0000000;103400.0000000;101730.0000000;103180.0000000;477760
SPFB.RTS;D;20170821;000000;103150.0000000;103820.0000000;102790.0000000;103110.0000000;401363
SPFB.RTS;D;20170822;000000;103140.0000000;104110.0000000;103140.0000000;103770.0000000;367496
SPFB.RTS;D;20170823;000000;103750.0000000;104500.0000000;103470.0000000;104340.0000000;357623
SPFB.RTS;D;20170824;000000;104360.0000000;105080.0000000;104230.0000000;104830.0000000;300436
SPFB.RTS;D;20170825;000000;104900.0000000;106320.0000000;104900.0000000;106120.0000000;360966
SPFB.RTS;D;20170828;000000;106080.0000000;106960.0000000;105860.0000000;106910.0000000;329860
SPFB.RTS;D;20170829;000000;106900.0000000;107140.0000000;105320.0000000;106800.0000000;436177
SPFB.RTS;D;20170830;000000;106850.0000000;108470.0000000;106660.0000000;107720.0000000;547074
SPFB.RTS;D;20170831;000000;107650.0000000;109860.0000000;107510.0000000;109270.0000000;548271
SPFB.RTS;D;20170901;000000;109330.0000000;110720.0000000;109280.0000000;110360.0000000;477531
SPFB.RTS;D;20170904;000000;110330.0000000;110330.0000000;108670.0000000;109550.0000000;373294
SPFB.RTS;D;20170905;000000;109550.0000000;110400.0000000;108680.0000000;109230.0000000;517336
SPFB.RTS;D;20170906;000000;109300.0000000;111160.0000000;109270.0000000;110890.0000000;431792
SPFB.RTS;D;20170907;000000;110850.0000000;112200.0000000;110800.0000000;111740.0000000;472294
SPFB.RTS;D;20170908;000000;111730.0000000;112520.0000000;111150.0000000;111380.0000000;457459
SPFB.RTS;D;20170911;000000;110930.0000000;112510.0000000;110930.0000000;112000.0000000;32225
SPFB.RTS;D;20170912;000000;112250.0000000;112350.0000000;111420.0000000;112030.0000000;19709
SPFB.RTS;D;20170913;000000;111910.0000000;112800.0000000;111000.0000000;111400.0000000;29342
SPFB.RTS;D;20170914;000000;111410.0000000;112390.0000000;110650.0000000;111850.0000000;53016
SPFB.RTS;D;20170915;000000;111950.0000000;112310.0000000;111070.0000000;111550.0000000;67191
SPFB.RTS;D;20170918;000000;111790.0000000;112430.0000000;110960.0000000;111050.0000000;72473
SPFB.RTS;D;20170919;000000;111150.0000000;111590.0000000;110420.0000000;110970.0000000;141449
SPFB.RTS;D;20170920;000000;110820.0000000;112150.0000000;110710.0000000;111630.0000000;273529
SPFB.RTS;D;20170921;000000;111430.0000000;112130.0000000;110940.0000000;111880.0000000;430414
SPFB.RTS;D;20170922;000000;111940.0000000;112340.0000000;111520.0000000;111940.0000000;364091
SPFB.RTS;D;20170925;000000;112000.0000000;113430.0000000;111740.0000000;113210.0000000;416800
SPFB.RTS;D;20170926;000000;113200.0000000;114320.0000000;112130.0000000;112700.0000000;472896
SPFB.RTS;D;20170927;000000;112700.0000000;112890.0000000;111920.0000000;112290.0000000;445834
SPFB.RTS;D;20170928;000000;112220.0000000;113120.0000000;111600.0000000;112420.0000000;449242
SPFB.RTS;D;20170929;000000;112450.0000000;113660.0000000;112060.0000000;113380.0000000;375054
SPFB.RTS;D;20171002;000000;113330.0000000;113490.0000000;112690.0000000;112800.0000000;323110
SPFB.RTS;D;20171003;000000;112770.0000000;113390.0000000;112560.0000000;112890.0000000;328591
SPFB.RTS;D;20171004;000000;112960.0000000;113930.0000000;112710.0000000;113320.0000000;350000
SPFB.RTS;D;20171005;000000;113350.0000000;114640.0000000;113190.0000000;114320.0000000;395532
SPFB.RTS;D;20171006;000000;114340.0000000;114760.0000000;113250.0000000;113390.0000000;396703
SPFB.RTS;D;20171009;000000;113430.0000000;113640.0000000;112560.0000000;113020.0000000;312183
SPFB.RTS;D;20171010;000000;113070.0000000;113940.0000000;113070.0000000;113490.0000000;288772
SPFB.RTS;D;20171011;000000;113490.0000000;114560.0000000;113460.0000000;114300.0000000;308378
SPFB.RTS;D;20171012;000000;114330.0000000;114780.0000000;113980.0000000;114250.0000000;293027
SPFB.RTS;D;20171013;000000;114270.0000000;115620.0000000;114220.0000000;115330.0000000;334236
SPFB.RTS;D;20171016;000000;115350.0000000;116260.0000000;115350.0000000;115730.0000000;285460
SPFB.RTS;D;20171017;000000;115640.0000000;115640.0000000;114320.0000000;115010.0000000;356396
SPFB.RTS;D;20171018;000000;115020.0000000;115540.0000000;114630.0000000;115020.0000000;358731
SPFB.RTS;D;20171019;000000;115010.0000000;115150.0000000;113560.0000000;113830.0000000;425401
SPFB.RTS;D;20171020;000000;113850.0000000;114290.0000000;113210.0000000;113910.0000000;363065
SPFB.RTS;D;20171023;000000;113910.0000000;114070.0000000;113080.0000000;113110.0000000;272319
SPFB.RTS;D;20171024;000000;113130.0000000;113570.0000000;112710.0000000;113390.0000000;349525
SPFB.RTS;D;20171025;000000;113350.0000000;113470.0000000;111720.0000000;111930.0000000;375144
SPFB.RTS;D;20171026;000000;111950.0000000;112240.0000000;111160.0000000;112040.0000000;402131
SPFB.RTS;D;20171027;000000;112030.0000000;112460.0000000;110660.0000000;112100.0000000;493924
SPFB.RTS;D;20171030;000000;112180.0000000;113430.0000000;112060.0000000;112660.0000000;377955
SPFB.RTS;D;20171031;000000;112700.0000000;112790.0000000;111460.0000000;111650.0000000;370335
SPFB.RTS;D;20171101;000000;111700.0000000;113220.0000000;111700.0000000;112100.0000000;462273
SPFB.RTS;D;20171102;000000;112100.0000000;112560.0000000;111510.0000000;112420.0000000;387380
SPFB.RTS;D;20171103;000000;112440.0000000;113050.0000000;110830.0000000;111540.0000000;534171
SPFB.RTS;D;20171107;000000;111630.0000000;115160.0000000;111630.0000000;114020.0000000;596745
SPFB.RTS;D;20171108;000000;113990.0000000;115780.0000000;113600.0000000;115220.0000000;482818
SPFB.RTS;D;20171109;000000;115220.0000000;115970.0000000;114470.0000000;115570.0000000;592374
SPFB.RTS;D;20171110;000000;115500.0000000;116250.0000000;115210.0000000;115580.0000000;495117
SPFB.RTS;D;20171113;000000;115560.0000000;116690.0000000;114620.0000000;115000.0000000;551355
SPFB.RTS;D;20171114;000000;115000.0000000;115110.0000000;113200.0000000;113310.0000000;555317
SPFB.RTS;D;20171115;000000;113200.0000000;113200.0000000;111480.0000000;111560.0000000;504711
SPFB.RTS;D;20171116;000000;111610.0000000;112730.0000000;110770.0000000;112480.0000000;627077
SPFB.RTS;D;20171117;000000;112510.0000000;113790.0000000;112160.0000000;113650.0000000;441561
SPFB.RTS;D;20171120;000000;113540.0000000;113540.0000000;112250.0000000;113030.0000000;400686
SPFB.RTS;D;20171121;000000;113080.0000000;114480.0000000;113010.0000000;114290.0000000;445138
SPFB.RTS;D;20171122;000000;114310.0000000;115940.0000000;114310.0000000;115940.0000000;390623
SPFB.RTS;D;20171123;000000;115930.0000000;116140.0000000;115160.0000000;115800.0000000;355132
SPFB.RTS;D;20171124;000000;115750.0000000;116580.0000000;115120.0000000;116170.0000000;407713
SPFB.RTS;D;20171127;000000;116150.0000000;116800.0000000;115060.0000000;115160.0000000;423287
SPFB.RTS;D;20171128;000000;115160.0000000;115840.0000000;114450.0000000;115460.0000000;462678
SPFB.RTS;D;20171129;000000;115450.0000000;115980.0000000;113100.0000000;113360.0000000;594382
SPFB.RTS;D;20171130;000000;113490.0000000;114160.0000000;112420.0000000;112720.0000000;544407
SPFB.RTS;D;20171201;000000;112810.0000000;113260.0000000;110480.0000000;111450.0000000;593880
SPFB.RTS;D;20171204;000000;111450.0000000;113350.0000000;110850.0000000;112680.0000000;530091
SPFB.RTS;D;20171205;000000;112610.0000000;113340.0000000;112500.0000000;112900.0000000;364379
SPFB.RTS;D;20171206;000000;112830.0000000;113030.0000000;111660.0000000;112040.0000000;428371
SPFB.RTS;D;20171207;000000;112030.0000000;112410.0000000;111380.0000000;111990.0000000;413014
SPFB.RTS;D;20171208;000000;112010.0000000;112430.0000000;111050.0000000;111720.0000000;417960
SPFB.RTS;D;20171211;000000;112230.0000000;114850.0000000;112230.0000000;114760.0000000;8770
SPFB.RTS;D;20171212;000000;114900.0000000;115760.0000000;114240.0000000;114420.0000000;11987
SPFB.RTS;D;20171213;000000;114530.0000000;115330.0000000;114020.0000000;115030.0000000;15152
SPFB.RTS;D;20171214;000000;115030.0000000;115360.0000000;114440.0000000;115130.0000000;16105
SPFB.RTS;D;20171215;000000;115030.0000000;115300.0000000;114410.0000000;114730.0000000;31820
SPFB.RTS;D;20171218;000000;114800.0000000;116020.0000000;114230.0000000;114730.0000000;63984
SPFB.RTS;D;20171219;000000;114880.0000000;115320.0000000;113480.0000000;113580.0000000;110564
SPFB.RTS;D;20171220;000000;113730.0000000;114230.0000000;113100.0000000;113750.0000000;157526
SPFB.RTS;D;20171221;000000;113720.0000000;114090.0000000;113000.0000000;113740.0000000;331360
SPFB.RTS;D;20171222;000000;113760.0000000;114920.0000000;113710.0000000;114830.0000000;279696
SPFB.RTS;D;20171225;000000;114890.0000000;115280.0000000;114680.0000000;115030.0000000;130175
SPFB.RTS;D;20171226;000000;115100.0000000;115800.0000000;114510.0000000;115750.0000000;236967
SPFB.RTS;D;20171227;000000;115770.0000000;115960.0000000;115220.0000000;115460.0000000;246422
SPFB.RTS;D;20171228;000000;115460.0000000;115820.0000000;115030.0000000;115400.0000000;183600
SPFB.RTS;D;20171229;000000;115460.0000000;116740.0000000;114920.0000000;116370.0000000;176569
SPFB.RTS;D;20180103;000000;116390.0000000;119950.0000000;115410.0000000;119230.0000000;277840
SPFB.RTS;D;20180104;000000;119330.0000000;122590.0000000;119250.0000000;122530.0000000;383299
SPFB.RTS;D;20180105;000000;122440.0000000;122950.0000000;121470.0000000;122710.0000000;249867
SPFB.RTS;D;20180109;000000;122880.0000000;124520.0000000;122720.0000000;123920.0000000;328893
SPFB.RTS;D;20180110;000000;123930.0000000;124390.0000000;122920.0000000;123680.0000000;354152
SPFB.RTS;D;20180111;000000;123680.0000000;125760.0000000;123130.0000000;125560.0000000;329795
SPFB.RTS;D;20180112;000000;125590.0000000;127050.0000000;124760.0000000;126910.0000000;396629
SPFB.RTS;D;20180115;000000;126990.0000000;127860.0000000;126430.0000000;127170.0000000;348457
SPFB.RTS;D;20180116;000000;127120.0000000;127260.0000000;125060.0000000;125300.0000000;422062
SPFB.RTS;D;20180117;000000;125270.0000000;127470.0000000;124650.0000000;126830.0000000;485696
SPFB.RTS;D;20180118;000000;126830.0000000;129480.0000000;126820.0000000;129280.0000000;492495
SPFB.RTS;D;20180119;000000;129160.0000000;129190.0000000;127090.0000000;127810.0000000;399256
SPFB.RTS;D;20180122;000000;127810.0000000;129270.0000000;127650.0000000;129010.0000000;324000
SPFB.RTS;D;20180123;000000;129020.0000000;129910.0000000;127470.0000000;129040.0000000;441242
SPFB.RTS;D;20180124;000000;129030.0000000;130200.0000000;127890.0000000;130130.0000000;432627
SPFB.RTS;D;20180125;000000;130180.0000000;131950.0000000;130130.0000000;130720.0000000;594614
SPFB.RTS;D;20180126;000000;130720.0000000;131380.0000000;128610.0000000;129160.0000000;474462
SPFB.RTS;D;20180129;000000;129200.0000000;129580.0000000;127550.0000000;127690.0000000;438858
SPFB.RTS;D;20180130;000000;127600.0000000;129600.0000000;127030.0000000;127600.0000000;575871
SPFB.RTS;D;20180131;000000;127600.0000000;128990.0000000;127310.0000000;128550.0000000;487110
SPFB.RTS;D;20180201;000000;128580.0000000;130270.0000000;128300.0000000;129570.0000000;530007
SPFB.RTS;D;20180202;000000;129450.0000000;130300.0000000;126830.0000000;126930.0000000;574322
SPFB.RTS;D;20180205;000000;126900.0000000;127370.0000000;124270.0000000;124350.0000000;713393
SPFB.RTS;D;20180206;000000;124300.0000000;126140.0000000;122000.0000000;125740.0000000;1123370
SPFB.RTS;D;20180207;000000;125770.0000000;126150.0000000;122610.0000000;122700.0000000;699969
SPFB.RTS;D;20180208;000000;122690.0000000;123690.0000000;119610.0000000;119610.0000000;912189
SPFB.RTS;D;20180209;000000;119680.0000000;120440.0000000;115200.0000000;119450.0000000;1250075
SPFB.RTS;D;20180212;000000;119590.0000000;122320.0000000;119590.0000000;121610.0000000;802857
SPFB.RTS;D;20180213;000000;121670.0000000;123480.0000000;121340.0000000;123460.0000000;660159
SPFB.RTS;D;20180214;000000;123410.0000000;126330.0000000;122110.0000000;126320.0000000;874956
SPFB.RTS;D;20180215;000000;126330.0000000;127520.0000000;125670.0000000;127410.0000000;687203
SPFB.RTS;D;20180216;000000;127440.0000000;128090.0000000;125310.0000000;126100.0000000;683651
SPFB.RTS;D;20180219;000000;126260.0000000;127190.0000000;125820.0000000;126290.0000000;344631
SPFB.RTS;D;20180220;000000;126300.0000000;127200.0000000;125720.0000000;126390.0000000;448255
SPFB.RTS;D;20180221;000000;126350.0000000;129850.0000000;126190.0000000;128420.0000000;593514
SPFB.RTS;D;20180222;000000;128420.0000000;131050.0000000;128150.0000000;130670.0000000;467820
SPFB.RTS;D;20180226;000000;130750.0000000;134280.0000000;130750.0000000;133860.0000000;530067
SPFB.RTS;D;20180227;000000;133860.0000000;133920.0000000;130320.0000000;130480.0000000;576363
SPFB.RTS;D;20180228;000000;130410.0000000;130940.0000000;128100.0000000;128280.0000000;549690
SPFB.RTS;D;20180301;000000;128160.0000000;128740.0000000;126500.0000000;128020.0000000;774275
SPFB.RTS;D;20180302;000000;128000.0000000;128360.0000000;124920.0000000;127590.0000000;741399
SPFB.RTS;D;20180305;000000;127470.0000000;129480.0000000;126950.0000000;129460.0000000;485458
SPFB.RTS;D;20180306;000000;129480.0000000;129910.0000000;127010.0000000;127430.0000000;542150
SPFB.RTS;D;20180307;000000;127450.0000000;127450.0000000;125600.0000000;126830.0000000;587415
SPFB.RTS;D;20180309;000000;126730.0000000;129190.0000000;126140.0000000;128940.0000000;325835
SPFB.RTS;D;20180312;000000;128600.0000000;129250.0000000;127820.0000000;128620.0000000;24165
SPFB.RTS;D;20180313;000000;128260.0000000;129120.0000000;126800.0000000;127110.0000000;143208
SPFB.RTS;D;20180314;000000;127070.0000000;128070.0000000;125120.0000000;125600.0000000;230089
SPFB.RTS;D;20180315;000000;125620.0000000;126110.0000000;123940.0000000;124420.0000000;618091
SPFB.RTS;D;20180316;000000;124400.0000000;126230.0000000;123520.0000000;126200.0000000;538623
SPFB.RTS;D;20180319;000000;126110.0000000;126240.0000000;123600.0000000;123990.0000000;537486
SPFB.RTS;D;20180320;000000;124000.0000000;126030.0000000;123260.0000000;125780.0000000;618019
SPFB.RTS;D;20180321;000000;125780.0000000;128390.0000000;125580.0000000;128250.0000000;661621
SPFB.RTS;D;20180322;000000;128110.0000000;128250.0000000;124570.0000000;124620.0000000;674695
SPFB.RTS;D;20180323;000000;124780.0000000;126270.0000000;124340.0000000;124970.0000000;714654
SPFB.RTS;D;20180326;000000;124980.0000000;126170.0000000;122520.0000000;123760.0000000;687776
SPFB.RTS;D;20180327;000000;123800.0000000;124890.0000000;122910.0000000;123160.0000000;594914
SPFB.RTS;D;20180328;000000;123130.0000000;123420.0000000;122010.0000000;122900.0000000;649618
SPFB.RTS;D;20180329;000000;122920.0000000;125450.0000000;122830.0000000;125440.0000000;470422
SPFB.RTS;D;20180330;000000;125450.0000000;125590.0000000;124340.0000000;125190.0000000;211017
SPFB.RTS;D;20180402;000000;125200.0000000;125900.0000000;122850.0000000;123550.0000000;479253
SPFB.RTS;D;20180403;000000;123600.0000000;124090.0000000;122700.0000000;124010.0000000;576167
SPFB.RTS;D;20180404;000000;123950.0000000;124860.0000000;122220.0000000;124860.0000000;662642
SPFB.RTS;D;20180405;000000;124780.0000000;125370.0000000;124080.0000000;124920.0000000;542822
SPFB.RTS;D;20180406;000000;124800.0000000;124910.0000000;122150.0000000;122460.0000000;590931
SPFB.RTS;D;20180409;000000;122490.0000000;122640.0000000;105500.0000000;107980.0000000;1106552
SPFB.RTS;D;20180410;000000;107990.0000000;111460.0000000;104750.0000000;108310.0000000;827640
SPFB.RTS;D;20180411;000000;108200.0000000;111540.0000000;104650.0000000;110970.0000000;687501
SPFB.RTS;D;20180412;000000;110810.0000000;113700.0000000;110210.0000000;112020.0000000;517955
SPFB.RTS;D;20180413;000000;112150.0000000;113790.0000000;109550.0000000;110480.0000000;445997
SPFB.RTS;D;20180416;000000;110360.0000000;112170.0000000;108110.0000000;111950.0000000;568897
SPFB.RTS;D;20180417;000000;111960.0000000;113040.0000000;110230.0000000;111750.0000000;502959
SPFB.RTS;D;20180418;000000;111860.0000000;116690.0000000;111340.0000000;116210.0000000;515044
SPFB.RTS;D;20180419;000000;116310.0000000;117760.0000000;113960.0000000;115110.0000000;487297
SPFB.RTS;D;20180420;000000;115100.0000000;115330.0000000;112450.0000000;113690.0000000;382166
SPFB.RTS;D;20180423;000000;113780.0000000;114900.0000000;112000.0000000;114050.0000000;601119
SPFB.RTS;D;20180424;000000;114160.0000000;116000.0000000;113590.0000000;113960.0000000;384955
SPFB.RTS;D;20180425;000000;113960.0000000;114790.0000000;112890.0000000;113690.0000000;357169
SPFB.RTS;D;20180426;000000;113700.0000000;115370.0000000;112810.0000000;115100.0000000;370326
SPFB.RTS;D;20180427;000000;115060.0000000;116800.0000000;114440.0000000;115860.0000000;312544
SPFB.RTS;D;20180428;000000;115890.0000000;116290.0000000;115860.0000000;115990.0000000;34209
SPFB.RTS;D;20180430;000000;116110.0000000;116920.0000000;114420.0000000;114730.0000000;265963
SPFB.RTS;D;20180502;000000;114720.0000000;115280.0000000;112620.0000000;112850.0000000;348397
SPFB.RTS;D;20180503;000000;112850.0000000;114780.0000000;112470.0000000;114000.0000000;398192
SPFB.RTS;D;20180504;000000;113970.0000000;115780.0000000;113150.0000000;115480.0000000;324380
SPFB.RTS;D;20180507;000000;115490.0000000;115950.0000000;113520.0000000;114020.0000000;289387
SPFB.RTS;D;20180508;000000;114070.0000000;115030.0000000;112820.0000000;114920.0000000;416307
SPFB.RTS;D;20180510;000000;115040.0000000;118650.0000000;115040.0000000;118290.0000000;385283
SPFB.RTS;D;20180511;000000;118220.0000000;119840.0000000;117870.0000000;118420.0000000;314926
SPFB.RTS;D;20180514;000000;118460.0000000;120350.0000000;118170.0000000;119090.0000000;307799
SPFB.RTS;D;20180515;000000;118950.0000000;119640.0000000;116710.0000000;117340.0000000;395233
SPFB.RTS;D;20180516;000000;117200.0000000;119390.0000000;117060.0000000;119100.0000000;368001
SPFB.RTS;D;20180517;000000;119150.0000000;119290.0000000;116880.0000000;117210.0000000;315094
SPFB.RTS;D;20180518;000000;117230.0000000;118350.0000000;116680.0000000;116970.0000000;274835
SPFB.RTS;D;20180521;000000;117100.0000000;119300.0000000;116700.0000000;119030.0000000;281188
SPFB.RTS;D;20180522;000000;118970.0000000;119960.0000000;118480.0000000;118710.0000000;332778
SPFB.RTS;D;20180523;000000;118640.0000000;118640.0000000;116980.0000000;117960.0000000;379316
SPFB.RTS;D;20180524;000000;117960.0000000;118240.0000000;116750.0000000;117500.0000000;357446
SPFB.RTS;D;20180525;000000;117460.0000000;118180.0000000;116010.0000000;116340.0000000;360482
SPFB.RTS;D;20180528;000000;116340.0000000;116880.0000000;115940.0000000;116740.0000000;167231
SPFB.RTS;D;20180529;000000;116660.0000000;116660.0000000;114070.0000000;114650.0000000;439783
SPFB.RTS;D;20180530;000000;114700.0000000;116970.0000000;114570.0000000;116740.0000000;393129
SPFB.RTS;D;20180531;000000;116720.0000000;117260.0000000;115370.0000000;115690.0000000;383176
SPFB.RTS;D;20180601;000000;115740.0000000;117290.0000000;115740.0000000;116640.0000000;294031
SPFB.RTS;D;20180604;000000;116680.0000000;118250.0000000;116620.0000000;117620.0000000;264290
SPFB.RTS;D;20180605;000000;117620.0000000;118430.0000000;116570.0000000;116970.0000000;330486
SPFB.RTS;D;20180606;000000;117010.0000000;118190.0000000;116680.0000000;118170.0000000;307191
SPFB.RTS;D;20180607;000000;118190.0000000;118540.0000000;116170.0000000;116690.0000000;291228
SPFB.RTS;D;20180608;000000;116640.0000000;116640.0000000;113950.0000000;114950.0000000;470727
SPFB.RTS;D;20180609;000000;115010.0000000;115230.0000000;114580.0000000;114950.0000000;34283
SPFB.RTS;D;20180611;000000;112700.0000000;113070.0000000;111390.0000000;111770.0000000;4488
SPFB.RTS;D;20180613;000000;111750.0000000;112690.0000000;110930.0000000;111600.0000000;14424
SPFB.RTS;D;20180614;000000;111670.0000000;112420.0000000;110700.0000000;110950.0000000;13810
SPFB.RTS;D;20180615;000000;111000.0000000;111220.0000000;108650.0000000;109020.0000000;27054
SPFB.RTS;D;20180618;000000;108910.0000000;109160.0000000;107160.0000000;108290.0000000;70978
SPFB.RTS;D;20180619;000000;107960.0000000;108440.0000000;105150.0000000;108080.0000000;146386
SPFB.RTS;D;20180620;000000;108180.0000000;109940.0000000;108180.0000000;108910.0000000;226212
SPFB.RTS;D;20180621;000000;108890.0000000;109520.0000000;108140.0000000;108660.0000000;337192
SPFB.RTS;D;20180622;000000;108740.0000000;110980.0000000;108740.0000000;110740.0000000;365373
SPFB.RTS;D;20180625;000000;110690.0000000;111030.0000000;109540.0000000;110780.0000000;328720
SPFB.RTS;D;20180626;000000;110840.0000000;111220.0000000;109200.0000000;110390.0000000;338627
SPFB.RTS;D;20180627;000000;110330.0000000;111500.0000000;108580.0000000;109970.0000000;438907
SPFB.RTS;D;20180628;000000;109950.0000000;111450.0000000;109670.0000000;111410.0000000;360573
SPFB.RTS;D;20180629;000000;111460.0000000;113490.0000000;111460.0000000;113390.0000000;324470
SPFB.RTS;D;20180702;000000;113300.0000000;114510.0000000;112090.0000000;113140.0000000;401771
SPFB.RTS;D;20180703;000000;113230.0000000;113690.0000000;112280.0000000;112800.0000000;278418
SPFB.RTS;D;20180704;000000;112890.0000000;113160.0000000;112250.0000000;112780.0000000;133237
SPFB.RTS;D;20180705;000000;112870.0000000;115660.0000000;112460.0000000;115080.0000000;434097
SPFB.RTS;D;20180706;000000;115080.0000000;116600.0000000;114320.0000000;116510.0000000;316168
SPFB.RTS;D;20180709;000000;116510.0000000;118870.0000000;116490.0000000;118690.0000000;324594
SPFB.RTS;D;20180710;000000;118800.0000000;119970.0000000;118340.0000000;119800.0000000;330129
SPFB.RTS;D;20180711;000000;119730.0000000;119730.0000000;116050.0000000;116610.0000000;492211
SPFB.RTS;D;20180712;000000;116610.0000000;117790.0000000;116130.0000000;117240.0000000;354005
SPFB.RTS;D;20180713;000000;117290.0000000;118280.0000000;116000.0000000;117150.0000000;352454
SPFB.RTS;D;20180716;000000;117180.0000000;118980.0000000;116570.0000000;116650.0000000;372647
SPFB.RTS;D;20180717;000000;116680.0000000;116860.0000000;114880.0000000;116100.0000000;411926
SPFB.RTS;D;20180718;000000;116060.0000000;116060.0000000;114210.0000000;115130.0000000;419442
SPFB.RTS;D;20180719;000000;115110.0000000;115110.0000000;111680.0000000;112360.0000000;462141
SPFB.RTS;D;20180720;000000;112360.0000000;113390.0000000;111460.0000000;111910.0000000;374073
SPFB.RTS;D;20180723;000000;112030.0000000;113850.0000000;112030.0000000;112930.0000000;299217
SPFB.RTS;D;20180724;000000;113000.0000000;114970.0000000;112240.0000000;112670.0000000;400657
SPFB.RTS;D;20180725;000000;112670.0000000;115390.0000000;112670.0000000;115340.0000000;365205
SPFB.RTS;D;20180726;000000;115310.0000000;115630.0000000;114380.0000000;114910.0000000;357563
SPFB.RTS;D;20180727;000000;114900.0000000;115370.0000000;114000.0000000;114640.0000000;347365
SPFB.RTS;D;20180730;000000;114540.0000000;116380.0000000;114290.0000000;115850.0000000;287553
SPFB.RTS;D;20180731;000000;115910.0000000;117750.0000000;115730.0000000;117080.0000000;329104
SPFB.RTS;D;20180801;000000;117020.0000000;117310.0000000;115720.0000000;116000.0000000;291415
SPFB.RTS;D;20180802;000000;115990.0000000;116180.0000000;113520.0000000;114240.0000000;338033
SPFB.RTS;D;20180803;000000;114190.0000000;114720.0000000;113080.0000000;114060.0000000;289697
SPFB.RTS;D;20180806;000000;114070.0000000;114930.0000000;113320.0000000;113700.0000000;250776
SPFB.RTS;D;20180807;000000;113810.0000000;115340.0000000;113810.0000000;114670.0000000;238994
SPFB.RTS;D;20180808;000000;114530.0000000;114860.0000000;109380.0000000;109990.0000000;575584
SPFB.RTS;D;20180809;000000;109980.0000000;110220.0000000;107480.0000000;108840.0000000;486535
SPFB.RTS;D;20180810;000000;108700.0000000;109600.0000000;105120.0000000;105400.0000000;627884
SPFB.RTS;D;20180813;000000;105240.0000000;107090.0000000;103270.0000000;106620.0000000;553885
SPFB.RTS;D;20180814;000000;106630.0000000;108790.0000000;106630.0000000;108680.0000000;412391
SPFB.RTS;D;20180815;000000;108570.0000000;108570.0000000;104700.0000000;106070.0000000;512065
SPFB.RTS;D;20180816;000000;106160.0000000;107280.0000000;105800.0000000;106350.0000000;343864
SPFB.RTS;D;20180817;000000;106370.0000000;106960.0000000;104710.0000000;106860.0000000;365289
SPFB.RTS;D;20180820;000000;106850.0000000;107000.0000000;106110.0000000;106770.0000000;238650
SPFB.RTS;D;20180821;000000;106870.0000000;108180.0000000;105470.0000000;107870.0000000;376856
SPFB.RTS;D;20180822;000000;107800.0000000;107910.0000000;105050.0000000;106180.0000000;423098
SPFB.RTS;D;20180823;000000;106160.0000000;106750.0000000;104000.0000000;104250.0000000;601563
SPFB.RTS;D;20180824;000000;104370.0000000;107240.0000000;103950.0000000;107190.0000000;449981
SPFB.RTS;D;20180827;000000;107060.0000000;108550.0000000;106550.0000000;107980.0000000;342762
SPFB.RTS;D;20180828;000000;107980.0000000;108690.0000000;107120.0000000;107480.0000000;307236
SPFB.RTS;D;20180829;000000;107480.0000000;109380.0000000;106980.0000000;109330.0000000;319378
SPFB.RTS;D;20180830;000000;109230.0000000;109230.0000000;106610.0000000;106890.0000000;415371
SPFB.RTS;D;20180831;000000;106920.0000000;109590.0000000;106810.0000000;109040.0000000;432372
SPFB.RTS;D;20180903;000000;108960.0000000;109340.0000000;108070.0000000;108590.0000000;219212
SPFB.RTS;D;20180904;000000;108570.0000000;108820.0000000;107230.0000000;107590.0000000;362087
SPFB.RTS;D;20180905;000000;107520.0000000;107890.0000000;106920.0000000;107130.0000000;313451
SPFB.RTS;D;20180906;000000;107130.0000000;107870.0000000;105100.0000000;105740.0000000;407092
SPFB.RTS;D;20180907;000000;105750.0000000;106280.0000000;104520.0000000;104670.0000000;367081
SPFB.RTS;D;20180910;000000;103750.0000000;104290.0000000;102680.0000000;102680.0000000;7159
SPFB.RTS;D;20180911;000000;103300.0000000;105200.0000000;103040.0000000;105200.0000000;9441
SPFB.RTS;D;20180912;000000;104910.0000000;106550.0000000;104750.0000000;105970.0000000;13942
SPFB.RTS;D;20180913;000000;105890.0000000;108740.0000000;105890.0000000;107280.0000000;17899
SPFB.RTS;D;20180914;000000;107290.0000000;108630.0000000;106910.0000000;108310.0000000;16459
SPFB.RTS;D;20180917;000000;108230.0000000;108690.0000000;107340.0000000;108440.0000000;32675
SPFB.RTS;D;20180918;000000;108440.0000000;110640.0000000;108440.0000000;110350.0000000;114463
SPFB.RTS;D;20180919;000000;110590.0000000;112140.0000000;110590.0000000;111960.0000000;177580
SPFB.RTS;D;20180920;000000;112090.0000000;114060.0000000;111950.0000000;112690.0000000;478769
SPFB.RTS;D;20180921;000000;112690.0000000;113710.0000000;112240.0000000;113500.0000000;323956
SPFB.RTS;D;20180924;000000;113640.0000000;115540.0000000;113640.0000000;115290.0000000;267866
SPFB.RTS;D;20180925;000000;115350.0000000;115830.0000000;114220.0000000;115490.0000000;336795
SPFB.RTS;D;20180926;000000;115560.0000000;116190.0000000;113960.0000000;114280.0000000;376063
SPFB.RTS;D;20180927;000000;114280.0000000;117720.0000000;114200.0000000;117050.0000000;440886
SPFB.RTS;D;20180928;000000;116980.0000000;118350.0000000;116300.0000000;117680.0000000;379240
SPFB.RTS;D;20181001;000000;117740.0000000;119250.0000000;116910.0000000;119250.0000000;382279
SPFB.RTS;D;20181002;000000;119190.0000000;119190.0000000;116470.0000000;116970.0000000;432381
SPFB.RTS;D;20181003;000000;117000.0000000;119220.0000000;117000.0000000;117910.0000000;503122
SPFB.RTS;D;20181004;000000;117890.0000000;117970.0000000;114250.0000000;114290.0000000;591139
SPFB.RTS;D;20181005;000000;114310.0000000;116320.0000000;114250.0000000;116310.0000000;530432
SPFB.RTS;D;20181008;000000;116270.0000000;116290.0000000;114080.0000000;116060.0000000;395417
SPFB.RTS;D;20181009;000000;116090.0000000;117030.0000000;114960.0000000;116000.0000000;437280
SPFB.RTS;D;20181010;000000;116080.0000000;116480.0000000;112050.0000000;112070.0000000;606610
SPFB.RTS;D;20181011;000000;112130.0000000;113480.0000000;111000.0000000;113020.0000000;822643
SPFB.RTS;D;20181012;000000;113030.0000000;115330.0000000;113030.0000000;115160.0000000;515865
SPFB.RTS;D;20181015;000000;115180.0000000;115720.0000000;113680.0000000;114530.0000000;438758
SPFB.RTS;D;20181016;000000;114540.0000000;117500.0000000;114250.0000000;117320.0000000;432233
SPFB.RTS;D;20181017;000000;117280.0000000;117690.0000000;115230.0000000;115890.0000000;427634
SPFB.RTS;D;20181018;000000;115740.0000000;115740.0000000;113050.0000000;113500.0000000;439022
SPFB.RTS;D;20181019;000000;113540.0000000;114280.0000000;112130.0000000;112590.0000000;555483
SPFB.RTS;D;20181022;000000;112650.0000000;113960.0000000;111220.0000000;111650.0000000;458574
SPFB.RTS;D;20181023;000000;111650.0000000;112450.0000000;110110.0000000;111910.0000000;637851
SPFB.RTS;D;20181024;000000;111790.0000000;113500.0000000;110640.0000000;111040.0000000;700001
SPFB.RTS;D;20181025;000000;111070.0000000;112280.0000000;110320.0000000;111800.0000000;568243
SPFB.RTS;D;20181026;000000;111760.0000000;111760.0000000;108610.0000000;109790.0000000;633079
SPFB.RTS;D;20181029;000000;109720.0000000;111470.0000000;108940.0000000;109730.0000000;502597
SPFB.RTS;D;20181030;000000;109750.0000000;111180.0000000;109180.0000000;111000.0000000;503141
SPFB.RTS;D;20181031;000000;111000.0000000;112630.0000000;111000.0000000;112080.0000000;467326
SPFB.RTS;D;20181101;000000;112090.0000000;113310.0000000;111540.0000000;112940.0000000;476050
SPFB.RTS;D;20181102;000000;112940.0000000;114110.0000000;112540.0000000;113310.0000000;424601
SPFB.RTS;D;20181106;000000;113400.0000000;115160.0000000;113400.0000000;114700.0000000;316096
SPFB.RTS;D;20181107;000000;114650.0000000;116390.0000000;113640.0000000;115980.0000000;473064
SPFB.RTS;D;20181108;000000;115980.0000000;116560.0000000;113530.0000000;113780.0000000;463099
SPFB.RTS;D;20181109;000000;113830.0000000;114090.0000000;110920.0000000;111110.0000000;512654
SPFB.RTS;D;20181112;000000;111190.0000000;112730.0000000;110310.0000000;110340.0000000;410586
SPFB.RTS;D;20181113;000000;110480.0000000;111590.0000000;108910.0000000;109350.0000000;613566
SPFB.RTS;D;20181114;000000;109390.0000000;111920.0000000;108430.0000000;111820.0000000;652847
SPFB.RTS;D;20181115;000000;111880.0000000;114050.0000000;111880.0000000;113700.0000000;615496
SPFB.RTS;D;20181116;000000;113750.0000000;114340.0000000;112240.0000000;113400.0000000;414353
SPFB.RTS;D;20181119;000000;113360.0000000;114110.0000000;112610.0000000;113680.0000000;413160
SPFB.RTS;D;20181120;000000;113560.0000000;113560.0000000;110010.0000000;110250.0000000;563634
SPFB.RTS;D;20181121;000000;110310.0000000;113530.0000000;110310.0000000;112880.0000000;413660
SPFB.RTS;D;20181122;000000;112920.0000000;113770.0000000;112360.0000000;113480.0000000;258016
SPFB.RTS;D;20181123;000000;113450.0000000;113450.0000000;110700.0000000;111300.0000000;411517
SPFB.RTS;D;20181126;000000;111280.0000000;111280.0000000;106750.0000000;108370.0000000;697262
SPFB.RTS;D;20181127;000000;108380.0000000;110340.0000000;108130.0000000;109580.0000000;543221
SPFB.RTS;D;20181128;000000;109590.0000000;113870.0000000;109170.0000000;112690.0000000;613792
SPFB.RTS;D;20181129;000000;112700.0000000;114630.0000000;112100.0000000;113870.0000000;633056
SPFB.RTS;D;20181130;000000;113770.0000000;113770.0000000;111480.0000000;112000.0000000;435339
SPFB.RTS;D;20181203;000000;112120.0000000;117390.0000000;112120.0000000;115200.0000000;416209
SPFB.RTS;D;20181204;000000;115150.0000000;115830.0000000;113180.0000000;113440.0000000;431496
SPFB.RTS;D;20181205;000000;113460.0000000;115290.0000000;113030.0000000;115050.0000000;327682
SPFB.RTS;D;20181206;000000;114930.0000000;114930.0000000;111740.0000000;113800.0000000;648897
SPFB.RTS;D;20181207;000000;113720.0000000;116060.0000000;113070.0000000;114450.0000000;585706
SPFB.RTS;D;20181210;000000;114510.0000000;115430.0000000;112640.0000000;113330.0000000;7743
SPFB.RTS;D;20181211;000000;113400.0000000;114320.0000000;112700.0000000;113120.0000000;8761
SPFB.RTS;D;20181212;000000;113260.0000000;113870.0000000;112360.0000000;112680.0000000;9908
SPFB.RTS;D;20181213;000000;112730.0000000;113370.0000000;112060.0000000;113290.0000000;7687
SPFB.RTS;D;20181214;000000;113290.0000000;113290.0000000;111120.0000000;111520.0000000;33668
SPFB.RTS;D;20181217;000000;111440.0000000;112990.0000000;110650.0000000;110650.0000000;46668
SPFB.RTS;D;20181218;000000;110640.0000000;110990.0000000;109300.0000000;109440.0000000;84442
SPFB.RTS;D;20181219;000000;109450.0000000;112200.0000000;108000.0000000;108930.0000000;320807
SPFB.RTS;D;20181220;000000;108910.0000000;110150.0000000;107450.0000000;108370.0000000;617766
SPFB.RTS;D;20181221;000000;108450.0000000;109430.0000000;106920.0000000;107390.0000000;528939
SPFB.RTS;D;20181224;000000;107410.0000000;108380.0000000;105670.0000000;106110.0000000;347323
SPFB.RTS;D;20181225;000000;106130.0000000;106320.0000000;101640.0000000;105880.0000000;231596
SPFB.RTS;D;20181226;000000;105840.0000000;107640.0000000;104690.0000000;107550.0000000;376760
SPFB.RTS;D;20181227;000000;107540.0000000;107740.0000000;104900.0000000;106310.0000000;445049
SPFB.RTS;D;20181228;000000;106500.0000000;108360.0000000;106160.0000000;107800.0000000;340921
SPFB.RTS;D;20181229;000000;107760.0000000;107960.0000000;106330.0000000;106520.0000000;53519
SPFB.RTS;D;20190103;000000;106580.0000000;109830.0000000;106570.0000000;109400.0000000;293965
SPFB.RTS;D;20190104;000000;109520.0000000;112850.0000000;109520.0000000;112460.0000000;306966
SPFB.RTS;D;20190108;000000;112630.0000000;113990.0000000;111860.0000000;112920.0000000;276967
SPFB.RTS;D;20190109;000000;113000.0000000;114670.0000000;112810.0000000;114280.0000000;279203
SPFB.RTS;D;20190110;000000;114210.0000000;115050.0000000;113170.0000000;115050.0000000;331664
SPFB.RTS;D;20190111;000000;115000.0000000;115630.0000000;114280.0000000;115000.0000000;323432
SPFB.RTS;D;20190114;000000;114920.0000000;115190.0000000;113480.0000000;114690.0000000;294294
SPFB.RTS;D;20190115;000000;114730.0000000;115900.0000000;114070.0000000;114940.0000000;358407
SPFB.RTS;D;20190116;000000;114950.0000000;116620.0000000;114880.0000000;116120.0000000;317032
SPFB.RTS;D;20190117;000000;116110.0000000;116840.0000000;115010.0000000;116360.0000000;366538
SPFB.RTS;D;20190118;000000;116500.0000000;118160.0000000;116500.0000000;117870.0000000;325178
SPFB.RTS;D;20190121;000000;117880.0000000;118110.0000000;117220.0000000;117370.0000000;197422
SPFB.RTS;D;20190122;000000;117370.0000000;117410.0000000;116360.0000000;116670.0000000;357996
SPFB.RTS;D;20190123;000000;116780.0000000;119000.0000000;116780.0000000;118550.0000000;362074
SPFB.RTS;D;20190124;000000;118490.0000000;119470.0000000;118080.0000000;119170.0000000;387031
SPFB.RTS;D;20190125;000000;119270.0000000;119640.0000000;118270.0000000;119010.0000000;283781
SPFB.RTS;D;20190128;000000;118970.0000000;119870.0000000;117460.0000000;117940.0000000;331802
SPFB.RTS;D;20190129;000000;118000.0000000;119580.0000000;117110.0000000;119060.0000000;381611
SPFB.RTS;D;20190130;000000;118970.0000000;121760.0000000;118930.0000000;121630.0000000;397857
SPFB.RTS;D;20190131;000000;121730.0000000;122720.0000000;120960.0000000;121610.0000000;419509
SPFB.RTS;D;20190201;000000;121500.0000000;121980.0000000;120680.0000000;121260.0000000;311434
SPFB.RTS;D;20190204;000000;121250.0000000;122100.0000000;121010.0000000;121300.0000000;260911
SPFB.RTS;D;20190205;000000;121350.0000000;123170.0000000;121340.0000000;122630.0000000;293589
SPFB.RTS;D;20190206;000000;122630.0000000;122790.0000000;120920.0000000;121270.0000000;276664
SPFB.RTS;D;20190207;000000;121140.0000000;121360.0000000;119110.0000000;119850.0000000;379456
SPFB.RTS;D;20190208;000000;119750.0000000;120300.0000000;119140.0000000;119880.0000000;320755
SPFB.RTS;D;20190211;000000;119890.0000000;121130.0000000;119810.0000000;119890.0000000;314294
SPFB.RTS;D;20190212;000000;120040.0000000;122040.0000000;120040.0000000;120750.0000000;400804
SPFB.RTS;D;20190213;000000;120840.0000000;121650.0000000;116710.0000000;116760.0000000;518678
SPFB.RTS;D;20190214;000000;116770.0000000;117540.0000000;115310.0000000;117220.0000000;616405
SPFB.RTS;D;20190215;000000;117030.0000000;118360.0000000;116780.0000000;118310.0000000;341432
SPFB.RTS;D;20190218;000000;118290.0000000;118740.0000000;116750.0000000;117770.0000000;306442
SPFB.RTS;D;20190219;000000;117700.0000000;118630.0000000;116480.0000000;118560.0000000;402550
SPFB.RTS;D;20190220;000000;118480.0000000;120180.0000000;118080.0000000;119560.0000000;370220
SPFB.RTS;D;20190221;000000;119650.0000000;120100.0000000;118190.0000000;118620.0000000;339920
SPFB.RTS;D;20190222;000000;118690.0000000;120210.0000000;118570.0000000;119630.0000000;260358
SPFB.RTS;D;20190225;000000;119680.0000000;121090.0000000;119180.0000000;119540.0000000;391860
SPFB.RTS;D;20190226;000000;119300.0000000;120170.0000000;118520.0000000;120140.0000000;328364
SPFB.RTS;D;20190227;000000;120020.0000000;120140.0000000;118180.0000000;119280.0000000;395453
SPFB.RTS;D;20190228;000000;119230.0000000;119230.0000000;118000.0000000;118580.0000000;366745
SPFB.RTS;D;20190301;000000;118610.0000000;119470.0000000;117830.0000000;118100.0000000;356140
SPFB.RTS;D;20190304;000000;118210.0000000;119200.0000000;117730.0000000;118270.0000000;328701
SPFB.RTS;D;20190305;000000;118270.0000000;118880.0000000;117660.0000000;118870.0000000;295887
SPFB.RTS;D;20190306;000000;118710.0000000;119420.0000000;118330.0000000;118950.0000000;287897
SPFB.RTS;D;20190307;000000;118990.0000000;119190.0000000;117310.0000000;117530.0000000;363608
SPFB.RTS;D;20190311;000000;116430.0000000;116980.0000000;116170.0000000;116970.0000000;3343
SPFB.RTS;D;20190312;000000;116970.0000000;117530.0000000;116700.0000000;117200.0000000;5729
SPFB.RTS;D;20190313;000000;117000.0000000;117800.0000000;116630.0000000;117500.0000000;10993
SPFB.RTS;D;20190314;000000;117700.0000000;117980.0000000;116660.0000000;117020.0000000;19794
SPFB.RTS;D;20190315;000000;117050.0000000;118590.0000000;117050.0000000;118410.0000000;19056
SPFB.RTS;D;20190318;000000;118590.0000000;120880.0000000;118590.0000000;120680.0000000;40490
SPFB.RTS;D;20190319;000000;120600.0000000;120950.0000000;119900.0000000;120500.0000000;55353
SPFB.RTS;D;20190320;000000;120590.0000000;122710.0000000;120150.0000000;122020.0000000;219188
SPFB.RTS;D;20190321;000000;122090.0000000;122600.0000000;121370.0000000;121960.0000000;347552
SPFB.RTS;D;20190322;000000;121960.0000000;122320.0000000;118630.0000000;119020.0000000;459704
SPFB.RTS;D;20190325;000000;119070.0000000;121220.0000000;118690.0000000;120710.0000000;446738
SPFB.RTS;D;20190326;000000;120780.0000000;121700.0000000;120380.0000000;120770.0000000;343090
SPFB.RTS;D;20190327;000000;120830.0000000;121090.0000000;118780.0000000;119300.0000000;379871
SPFB.RTS;D;20190328;000000;119210.0000000;119530.0000000;118510.0000000;119160.0000000;343663
SPFB.RTS;D;20190329;000000;119290.0000000;120360.0000000;117390.0000000;117910.0000000;455740
SPFB.RTS;D;20190401;000000;118000.0000000;120330.0000000;118000.0000000;120230.0000000;332241
SPFB.RTS;D;20190402;000000;120160.0000000;120650.0000000;119200.0000000;120490.0000000;299010
SPFB.RTS;D;20190403;000000;120500.0000000;121450.0000000;119910.0000000;120330.0000000;386960
SPFB.RTS;D;20190404;000000;120240.0000000;120470.0000000;119380.0000000;120020.0000000;311984
SPFB.RTS;D;20190405;000000;120140.0000000;121100.0000000;120070.0000000;121000.0000000;258763
SPFB.RTS;D;20190408;000000;121020.0000000;122570.0000000;120780.0000000;122410.0000000;245837
SPFB.RTS;D;20190409;000000;122430.0000000;123310.0000000;122090.0000000;122590.0000000;271384
SPFB.RTS;D;20190410;000000;122640.0000000;124740.0000000;122640.0000000;124380.0000000;319150
SPFB.RTS;D;20190411;000000;124310.0000000;124540.0000000;122310.0000000;122830.0000000;396586
SPFB.RTS;D;20190412;000000;122920.0000000;124300.0000000;122510.0000000;123170.0000000;359150
SPFB.RTS;D;20190415;000000;123240.0000000;124100.0000000;122130.0000000;123120.0000000;296213
SPFB.RTS;D;20190416;000000;122960.0000000;124470.0000000;122320.0000000;124450.0000000;346754
SPFB.RTS;D;20190417;000000;124470.0000000;125030.0000000;123950.0000000;124510.0000000;307146
SPFB.RTS;D;20190418;000000;124480.0000000;124490.0000000;123330.0000000;124450.0000000;321158
SPFB.RTS;D;20190419;000000;124400.0000000;124590.0000000;123880.0000000;124120.0000000;73620
SPFB.RTS;D;20190422;000000;124250.0000000;125780.0000000;124250.0000000;125410.0000000;208211
SPFB.RTS;D;20190423;000000;125500.0000000;126490.0000000;125040.0000000;125820.0000000;274012
SPFB.RTS;D;20190424;000000;125820.0000000;125820.0000000;123060.0000000;123690.0000000;359568
SPFB.RTS;D;20190425;000000;123570.0000000;123850.0000000;122260.0000000;122570.0000000;360924
SPFB.RTS;D;20190426;000000;122570.0000000;122810.0000000;121840.0000000;122670.0000000;356352
SPFB.RTS;D;20190429;000000;122680.0000000;123530.0000000;122350.0000000;123200.0000000;285203
SPFB.RTS;D;20190430;000000;123090.0000000;123300.0000000;121870.0000000;122790.0000000;288266
SPFB.RTS;D;20190502;000000;122700.0000000;122730.0000000;121240.0000000;122220.0000000;246378
SPFB.RTS;D;20190503;000000;122200.0000000;123570.0000000;121800.0000000;123190.0000000;270711
SPFB.RTS;D;20190506;000000;123170.0000000;123170.0000000;120730.0000000;122410.0000000;314286
SPFB.RTS;D;20190507;000000;122400.0000000;122680.0000000;120710.0000000;121040.0000000;339295
SPFB.RTS;D;20190508;000000;121040.0000000;121900.0000000;120600.0000000;121010.0000000;347029
SPFB.RTS;D;20190510;000000;120940.0000000;121030.0000000;118710.0000000;119900.0000000;347055
SPFB.RTS;D;20190513;000000;119900.0000000;120050.0000000;118400.0000000;118830.0000000;430704
SPFB.RTS;D;20190514;000000;118930.0000000;122500.0000000;118820.0000000;122440.0000000;470091
SPFB.RTS;D;20190515;000000;122500.0000000;122980.0000000;121580.0000000;122410.0000000;417553
SPFB.RTS;D;20190516;000000;122420.0000000;124340.0000000;122220.0000000;123030.0000000;388786
SPFB.RTS;D;20190517;000000;123030.0000000;123680.0000000;122760.0000000;122880.0000000;300261
SPFB.RTS;D;20190520;000000;122950.0000000;124030.0000000;122810.0000000;123160.0000000;271606
SPFB.RTS;D;20190521;000000;123210.0000000;125900.0000000;123160.0000000;125800.0000000;341946
SPFB.RTS;D;20190522;000000;125830.0000000;127470.0000000;125170.0000000;127100.0000000;336237
SPFB.RTS;D;20190523;000000;127020.0000000;127020.0000000;124550.0000000;125220.0000000;411777
SPFB.RTS;D;20190524;000000;125400.0000000;126890.0000000;125210.0000000;125700.0000000;293414
SPFB.RTS;D;20190527;000000;125760.0000000;126670.0000000;125690.0000000;126520.0000000;165432
SPFB.RTS;D;20190528;000000;126530.0000000;127000.0000000;124220.0000000;124790.0000000;381352
SPFB.RTS;D;20190529;000000;124710.0000000;126410.0000000;124010.0000000;126330.0000000;418725
SPFB.RTS;D;20190530;000000;126330.0000000;126980.0000000;125880.0000000;126200.0000000;359455
SPFB.RTS;D;20190531;000000;126170.0000000;126900.0000000;124770.0000000;125770.0000000;383164
SPFB.RTS;D;20190603;000000;125730.0000000;130230.0000000;125100.0000000;129360.0000000;686476
SPFB.RTS;D;20190604;000000;129690.0000000;130170.0000000;127850.0000000;128710.0000000;501682
SPFB.RTS;D;20190605;000000;128530.0000000;129360.0000000;127810.0000000;128150.0000000;334204
SPFB.RTS;D;20190606;000000;128180.0000000;130400.0000000;128080.0000000;130110.0000000;361427
SPFB.RTS;D;20190607;000000;130160.0000000;131180.0000000;130040.0000000;130450.0000000;269876
SPFB.RTS;D;20190610;000000;128230.0000000;130070.0000000;128050.0000000;128710.0000000;10858
SPFB.RTS;D;20190611;000000;128800.0000000;131630.0000000;128800.0000000;130870.0000000;15868
SPFB.RTS;D;20190613;000000;130400.0000000;131800.0000000;129910.0000000;131360.0000000;18848
SPFB.RTS;D;20190614;000000;131500.0000000;132690.0000000;130650.0000000;130880.0000000;48755
SPFB.RTS;D;20190617;000000;130810.0000000;132330.0000000;130530.0000000;131500.0000000;64403
SPFB.RTS;D;20190618;000000;131160.0000000;133160.0000000;127100.0000000;133100.0000000;81419
SPFB.RTS;D;20190619;000000;133100.0000000;133930.0000000;132610.0000000;133500.0000000;172252
SPFB.RTS;D;20190620;000000;133500.0000000;136650.0000000;133500.0000000;136020.0000000;386600
SPFB.RTS;D;20190621;000000;135950.0000000;135970.0000000;133800.0000000;135050.0000000;394261
SPFB.RTS;D;20190624;000000;135110.0000000;136350.0000000;135110.0000000;136180.0000000;221810
SPFB.RTS;D;20190625;000000;136080.0000000;136560.0000000;134460.0000000;135230.0000000;284491
SPFB.RTS;D;20190626;000000;135290.0000000;136610.0000000;134900.0000000;135940.0000000;291720
SPFB.RTS;D;20190627;000000;136010.0000000;137080.0000000;135270.0000000;136000.0000000;325664
SPFB.RTS;D;20190628;000000;135950.0000000;136780.0000000;134600.0000000;134970.0000000;315353
SPFB.RTS;D;20190701;000000;135290.0000000;138360.0000000;135290.0000000;137720.0000000;361058
SPFB.RTS;D;20190702;000000;137720.0000000;137910.0000000;136270.0000000;136760.0000000;270146
SPFB.RTS;D;20190703;000000;136730.0000000;137830.0000000;136130.0000000;137780.0000000;264551
SPFB.RTS;D;20190704;000000;137680.0000000;138850.0000000;137300.0000000;138600.0000000;206209
SPFB.RTS;D;20190705;000000;138540.0000000;138850.0000000;137140.0000000;137530.0000000;267197
SPFB.RTS;D;20190708;000000;137520.0000000;138340.0000000;136600.0000000;137900.0000000;239546
SPFB.RTS;D;20190709;000000;137870.0000000;138200.0000000;136900.0000000;137090.0000000;194056
SPFB.RTS;D;20190710;000000;137110.0000000;139270.0000000;136830.0000000;138660.0000000;336846
SPFB.RTS;D;20190711;000000;138780.0000000;139540.0000000;137240.0000000;137950.0000000;329562
SPFB.RTS;D;20190712;000000;137920.0000000;138000.0000000;136140.0000000;137830.0000000;287384
SPFB.RTS;D;20190715;000000;137860.0000000;137980.0000000;136600.0000000;136890.0000000;247543
SPFB.RTS;D;20190716;000000;136900.0000000;136940.0000000;135360.0000000;135610.0000000;349540
SPFB.RTS;D;20190717;000000;135690.0000000;136970.0000000;135410.0000000;135910.0000000;318426
SPFB.RTS;D;20190718;000000;135950.0000000;136570.0000000;135120.0000000;136380.0000000;371673
SPFB.RTS;D;20190719;000000;136520.0000000;137000.0000000;135090.0000000;135250.0000000;276701
SPFB.RTS;D;20190722;000000;135370.0000000;135700.0000000;134150.0000000;134670.0000000;294689
SPFB.RTS;D;20190723;000000;134620.0000000;135480.0000000;134160.0000000;135340.0000000;272864
SPFB.RTS;D;20190724;000000;135290.0000000;135400.0000000;133700.0000000;134020.0000000;264326
SPFB.RTS;D;20190725;000000;134070.0000000;136600.0000000;132970.0000000;134550.0000000;451109
SPFB.RTS;D;20190726;000000;134610.0000000;136340.0000000;134530.0000000;135880.0000000;330554
SPFB.RTS;D;20190729;000000;135750.0000000;135990.0000000;134880.0000000;135980.0000000;197293
SPFB.RTS;D;20190730;000000;135990.0000000;136200.0000000;135060.0000000;135980.0000000;217818
SPFB.RTS;D;20190731;000000;135980.0000000;136960.0000000;133530.0000000;134970.0000000;394456
SPFB.RTS;D;20190801;000000;134930.0000000;135420.0000000;131900.0000000;132090.0000000;400937
SPFB.RTS;D;20190802;000000;131980.0000000;132320.0000000;129140.0000000;129680.0000000;543418
SPFB.RTS;D;20190805;000000;129640.0000000;129780.0000000;127430.0000000;127750.0000000;435982
SPFB.RTS;D;20190806;000000;127830.0000000;130290.0000000;127830.0000000;129690.0000000;331753
SPFB.RTS;D;20190807;000000;129700.0000000;130730.0000000;128090.0000000;130000.0000000;505043
SPFB.RTS;D;20190808;000000;130000.0000000;131120.0000000;130000.0000000;130910.0000000;282804
SPFB.RTS;D;20190809;000000;130900.0000000;130900.0000000;128930.0000000;129850.0000000;345404
SPFB.RTS;D;20190812;000000;129940.0000000;130470.0000000;128810.0000000;129720.0000000;287754
SPFB.RTS;D;20190813;000000;129590.0000000;130940.0000000;127900.0000000;130350.0000000;508124
SPFB.RTS;D;20190814;000000;130330.0000000;130580.0000000;125520.0000000;126130.0000000;551627
SPFB.RTS;D;20190815;000000;126130.0000000;127100.0000000;124230.0000000;125520.0000000;641329
SPFB.RTS;D;20190816;000000;125530.0000000;126290.0000000;124120.0000000;124250.0000000;326536
SPFB.RTS;D;20190819;000000;124250.0000000;125670.0000000;123440.0000000;125130.0000000;400481
SPFB.RTS;D;20190820;000000;125130.0000000;126900.0000000;124650.0000000;126310.0000000;351357
SPFB.RTS;D;20190821;000000;126470.0000000;128500.0000000;126470.0000000;128350.0000000;316055
SPFB.RTS;D;20190822;000000;128310.0000000;128900.0000000;127590.0000000;128580.0000000;320275
SPFB.RTS;D;20190823;000000;128580.0000000;128900.0000000;125780.0000000;126200.0000000;515448
SPFB.RTS;D;20190826;000000;126200.0000000;127850.0000000;125150.0000000;126790.0000000;368867
SPFB.RTS;D;20190827;000000;126870.0000000;127000.0000000;124870.0000000;126010.0000000;419376
SPFB.RTS;D;20190828;000000;126090.0000000;126950.0000000;125070.0000000;126720.0000000;373685
SPFB.RTS;D;20190829;000000;126670.0000000;128640.0000000;126270.0000000;128290.0000000;342671
SPFB.RTS;D;20190830;000000;128290.0000000;129690.0000000;128270.0000000;129050.0000000;332353
SPFB.RTS;D;20190902;000000;129060.0000000;130950.0000000;128830.0000000;130350.0000000;265518
SPFB.RTS;D;20190903;000000;130330.0000000;131470.0000000;129630.0000000;131470.0000000;369024
SPFB.RTS;D;20190904;000000;131480.0000000;133640.0000000;131480.0000000;133330.0000000;345137
SPFB.RTS;D;20190905;000000;133530.0000000;134490.0000000;132950.0000000;133210.0000000;344177
SPFB.RTS;D;20190906;000000;133220.0000000;134410.0000000;132750.0000000;134170.0000000;348015
SPFB.RTS;D;20190909;000000;134200.0000000;135880.0000000;132650.0000000;133870.0000000;268247
SPFB.RTS;D;20190910;000000;132760.0000000;133440.0000000;131670.0000000;132980.0000000;4706
SPFB.RTS;D;20190911;000000;133080.0000000;134610.0000000;132680.0000000;133330.0000000;9641
SPFB.RTS;D;20190912;000000;133800.0000000;135330.0000000;133440.0000000;135000.0000000;20744
SPFB.RTS;D;20190913;000000;134970.0000000;135870.0000000;134700.0000000;135340.0000000;17728
SPFB.RTS;D;20190916;000000;135540.0000000;139250.0000000;135540.0000000;138420.0000000;38338
SPFB.RTS;D;20190917;000000;138220.0000000;138770.0000000;136150.0000000;136820.0000000;66518
SPFB.RTS;D;20190918;000000;136620.0000000;137400.0000000;135540.0000000;137160.0000000;155532
SPFB.RTS;D;20190919;000000;137160.0000000;137490.0000000;136050.0000000;136350.0000000;327979
SPFB.RTS;D;20190920;000000;136350.0000000;136680.0000000;135230.0000000;135480.0000000;286306
SPFB.RTS;D;20190923;000000;135560.0000000;136190.0000000;135010.0000000;135780.0000000;186016
SPFB.RTS;D;20190924;000000;136760.0000000;136930.0000000;133610.0000000;133990.0000000;324229
SPFB.RTS;D;20190925;000000;133980.0000000;134530.0000000;132870.0000000;134490.0000000;310612
SPFB.RTS;D;20190926;000000;134430.0000000;135310.0000000;134020.0000000;134970.0000000;298343
SPFB.RTS;D;20190927;000000;134820.0000000;134990.0000000;132810.0000000;133300.0000000;314116
SPFB.RTS;D;20190930;000000;133300.0000000;133810.0000000;132310.0000000;132520.0000000;303784
SPFB.RTS;D;20191001;000000;132640.0000000;133920.0000000;131450.0000000;132000.0000000;313743
SPFB.RTS;D;20191002;000000;131900.0000000;132190.0000000;130020.0000000;130690.0000000;404897
SPFB.RTS;D;20191003;000000;130700.0000000;131110.0000000;129170.0000000;130790.0000000;451599
SPFB.RTS;D;20191004;000000;130790.0000000;131480.0000000;130340.0000000;130870.0000000;329204
SPFB.RTS;D;20191007;000000;130820.0000000;131810.0000000;129830.0000000;131180.0000000;310529
SPFB.RTS;D;20191008;000000;131230.0000000;131890.0000000;129650.0000000;130270.0000000;373551
SPFB.RTS;D;20191009;000000;130180.0000000;131850.0000000;130080.0000000;131010.0000000;276517
SPFB.RTS;D;20191010;000000;131030.0000000;132830.0000000;130560.0000000;132690.0000000;335489
SPFB.RTS;D;20191011;000000;132790.0000000;134170.0000000;132550.0000000;132910.0000000;341104
SPFB.RTS;D;20191014;000000;132840.0000000;133020.0000000;131520.0000000;131730.0000000;279874
SPFB.RTS;D;20191015;000000;131780.0000000;133200.0000000;131610.0000000;132890.0000000;277756
SPFB.RTS;D;20191016;000000;132920.0000000;134500.0000000;132830.0000000;134390.0000000;302474
SPFB.RTS;D;20191017;000000;134270.0000000;135330.0000000;134110.0000000;134560.0000000;288952
SPFB.RTS;D;20191018;000000;134560.0000000;135580.0000000;134460.0000000;135340.0000000;234948
SPFB.RTS;D;20191021;000000;135310.0000000;136470.0000000;135090.0000000;136180.0000000;231566
SPFB.RTS;D;20191022;000000;136310.0000000;138160.0000000;136170.0000000;137450.0000000;272820
SPFB.RTS;D;20191023;000000;137480.0000000;138670.0000000;137250.0000000;138390.0000000;256006
SPFB.RTS;D;20191024;000000;138440.0000000;140740.0000000;138360.0000000;140560.0000000;370110
SPFB.RTS;D;20191025;000000;140560.0000000;142130.0000000;139720.0000000;141980.0000000;356868
SPFB.RTS;D;20191028;000000;141990.0000000;142860.0000000;140270.0000000;140600.0000000;362304
SPFB.RTS;D;20191029;000000;140650.0000000;141780.0000000;140040.0000000;141380.0000000;316978
SPFB.RTS;D;20191030;000000;141380.0000000;143460.0000000;141050.0000000;143260.0000000;399357
SPFB.RTS;D;20191031;000000;143330.0000000;144560.0000000;141030.0000000;141470.0000000;446644
SPFB.RTS;D;20191101;000000;141500.0000000;145500.0000000;141460.0000000;145450.0000000;414760
SPFB.RTS;D;20191105;000000;145500.0000000;147060.0000000;144820.0000000;145930.0000000;338333
SPFB.RTS;D;20191106;000000;145920.0000000;146540.0000000;141450.0000000;145990.0000000;410548
SPFB.RTS;D;20191107;000000;145910.0000000;148220.0000000;145720.0000000;147880.0000000;384445
SPFB.RTS;D;20191108;000000;147790.0000000;147860.0000000;145150.0000000;146620.0000000;377768
SPFB.RTS;D;20191111;000000;146600.0000000;146600.0000000;145030.0000000;145460.0000000;271313
SPFB.RTS;D;20191112;000000;145550.0000000;146760.0000000;143430.0000000;143710.0000000;401313
SPFB.RTS;D;20191113;000000;143700.0000000;143920.0000000;142630.0000000;143390.0000000;376567
SPFB.RTS;D;20191114;000000;143470.0000000;144500.0000000;142100.0000000;143230.0000000;429353
SPFB.RTS;D;20191115;000000;143350.0000000;145450.0000000;143110.0000000;145180.0000000;361194
SPFB.RTS;D;20191118;000000;145210.0000000;145820.0000000;143110.0000000;144240.0000000;343322
SPFB.RTS;D;20191119;000000;144250.0000000;145320.0000000;143750.0000000;144390.0000000;383873
SPFB.RTS;D;20191120;000000;144360.0000000;144890.0000000;142710.0000000;144070.0000000;454752
SPFB.RTS;D;20191121;000000;144070.0000000;145590.0000000;143790.0000000;145130.0000000;359439
SPFB.RTS;D;20191122;000000;145100.0000000;146490.0000000;144140.0000000;144620.0000000;363202
SPFB.RTS;D;20191125;000000;144670.0000000;145880.0000000;144510.0000000;145080.0000000;265129
SPFB.RTS;D;20191126;000000;145150.0000000;145450.0000000;143100.0000000;143650.0000000;339209
SPFB.RTS;D;20191127;000000;143780.0000000;144640.0000000;143030.0000000;143890.0000000;282300
SPFB.RTS;D;20191128;000000;143770.0000000;143770.0000000;142490.0000000;143560.0000000;233958
SPFB.RTS;D;20191129;000000;143480.0000000;143580.0000000;142120.0000000;143090.0000000;292798
SPFB.RTS;D;20191202;000000;143100.0000000;144440.0000000;142070.0000000;142400.0000000;348281
SPFB.RTS;D;20191203;000000;142430.0000000;143120.0000000;140600.0000000;141140.0000000;408919
SPFB.RTS;D;20191204;000000;141190.0000000;142960.0000000;140450.0000000;142650.0000000;356351
SPFB.RTS;D;20191205;000000;142670.0000000;142980.0000000;141440.0000000;142850.0000000;340235
SPFB.RTS;D;20191206;000000;142890.0000000;144750.0000000;142470.0000000;144710.0000000;329266
SPFB.RTS;D;20191209;000000;144660.0000000;145340.0000000;143960.0000000;144830.0000000;288324
SPFB.RTS;D;20191210;000000;144650.0000000;144890.0000000;144460.0000000;144840.0000000;368
